SalePrice,LivingArea,LotArea,YearBuilt,BuildingType
104.68432159884242,153.8,2951.2,1960,Single-family
124.50482363082789,83.2,1079.6,1961,Single-family
125.05437168739148,123.5,1325.3,1958,Single-family
242.48481167405612,196.0,1036.7,1968,Single-family
248.246402800084,151.3,1284.7,1997,Single-family
213.48101685510636,149.0,926.9,1998,Single-family
188.91370094389993,124.3,457.0,2001,Townhouse
181.87998504991114,118.9,464.9,1992,Townhouse
205.26195076516424,150.1,500.6,1995,Townhouse
215.4320022832941,167.6,696.7,1999,Single-family
224.47763752615356,153.7,928.9,1993,Single-family
167.60569775756113,110.3,741.3,1992,Single-family
193.56833777249165,136.1,780.5,1998,Single-family
180.58971201848126,124.6,945.3,1990,Single-family
200.7960163046226,139.5,633.5,1985,Townhouse
217.41769998843833,162.8,1127.2,1988,Single-family
272.30657686718206,172.4,1058.4,2010,Single-family
108.35882304005352,80.3,1777.8,1951,Single-family
244.36766990627683,192.6,1223.9,1978,Single-family
194.09515835222325,171.3,1091.6,1977,Single-family
142.28730837043761,109.0,987.0,1974,Single-family
218.9822715719438,155.5,696.7,2000,Single-family
131.37242732003907,93.3,1044.2,1970,Single-family
141.80005871641256,100.1,1164.6,1971,Single-family
136.75314395794192,98.1,785.0,1968,Single-family
145.27429928500035,81.9,780.3,1970,Single-family
113.53063872536644,80.3,975.4,1971,Single-family
218.9372146429664,124.2,544.2,1999,Townhouse
94.80865366305396,91.7,156.1,1971,Townhouse
119.90264940223665,101.4,156.1,1971,Townhouse
99.73504226844524,101.4,156.1,1971,Townhouse
161.13128023836958,99.3,375.6,1977,Townhouse
155.17450699355695,135.3,211.8,1975,Townhouse
131.8862612795699,77.7,211.8,1975,Townhouse
132.28259614368653,135.3,211.8,1978,Townhouse
353.0600532634632,216.8,1194.4,2009,Single-family
247.8574744930485,158.3,1066.2,2007,Single-family
269.0478361778949,180.2,943.7,2009,Single-family
257.94876547210526,143.4,1196.8,2009,Single-family
251.20247887786817,143.1,1131.6,2005,Single-family
253.9835292823301,157.7,1070.1,2005,Single-family
269.5868210375658,169.3,1311.8,2005,Single-family
211.53482411829287,142.6,944.8,2004,Single-family
368.6830528389064,219.6,1200.1,2009,Single-family
230.4859225912547,126.2,591.8,2009,Townhouse
394.8052575312662,250.4,1328.4,2003,Single-family
352.95429244563104,209.0,1268.0,2002,Single-family
247.73949082525107,162.8,711.4,2005,Townhouse
261.91202388324683,127.3,662.5,2006,Townhouse
240.59028626964601,151.0,244.1,2003,Townhouse
253.4198241339534,123.0,1718.0,2005,Single-family
183.74771165660582,106.4,297.5,2006,Townhouse
166.45668757765682,117.9,295.6,2004,Townhouse
238.24483095068427,127.6,1235.5,2004,Single-family
235.7851581681095,182.1,729.3,2002,Single-family
230.97552889571526,161.0,796.8,2004,Single-family
185.75956466780752,132.8,719.9,2000,Single-family
266.8335568925725,189.0,883.0,2001,Single-family
383.2197305276043,241.4,1372.4,1999,Single-family
351.5963282651065,229.9,1619.4,1998,Single-family
214.48473341248945,159.8,984.0,1996,Single-family
319.6759988041205,243.6,1138.5,1994,Single-family
287.39229305539175,210.9,1092.8,1999,Single-family
253.39294482095386,170.8,1557.8,1998,Single-family
424.54912239449453,300.8,1367.4,1995,Single-family
242.82506167750333,148.2,834.8,2005,Single-family
188.57965135063898,113.1,856.0,2009,Single-family
227.99539759531464,143.7,802.6,2009,Single-family
208.46208937450302,145.5,836.0,2008,Single-family
284.9862040652984,180.9,1166.0,2004,Single-family
194.92931355157154,136.4,969.8,2005,Single-family
269.31156507028146,193.6,942.1,2004,Single-family
280.8835304412586,154.1,1107.3,2004,Single-family
241.2756539350193,196.0,824.9,1994,Single-family
176.851767296946,85.7,744.3,1980,Townhouse
244.78395140170343,171.4,1042.1,1992,Single-family
155.95906683463593,85.3,733.1,1979,Townhouse
139.38308761507818,69.9,666.5,1984,Townhouse
237.4602619859153,162.0,878.1,1993,Single-family
148.80206487374573,101.9,898.5,1984,Single-family
197.95218649607463,145.3,780.3,1980,Single-family
105.10669593375316,94.0,910.4,1920,Single-family
175.8060126232766,176.7,829.5,1978,Two-family
145.95745292010687,107.3,1094.5,1961,Single-family
120.96811699683973,83.0,785.0,1965,Single-family
103.10052988062289,83.6,912.1,1967,Single-family
108.28278278358026,96.6,696.7,1963,Single-family
111.68776882022864,96.6,640.7,1962,Single-family
176.33953704297022,138.8,1431.5,1974,Single-family
248.70241740176203,178.6,946.2,1992,Single-family
315.91608237006733,218.2,1220.9,1993,Single-family
247.08943129345505,206.7,1034.3,1992,Single-family
181.83684595782285,138.2,449.1,2004,Townhouse
190.2635251133911,156.1,326.5,2004,Townhouse
173.91106210307277,111.5,298.7,2004,Townhouse
202.3151093461893,111.5,295.6,2004,Townhouse
159.5325842380295,111.5,236.3,2004,Townhouse
172.7823696437972,114.8,236.3,2005,Townhouse
163.8109314647122,137.3,409.0,2009,Single-family
163.05640826206096,146.1,196.7,2000,Townhouse
155.28648227829464,140.5,276.8,2000,Townhouse
171.72535640432,131.5,238.9,1999,Townhouse
169.13303903560438,100.3,223.2,2003,Townhouse
233.2484810077496,131.7,1194.0,2010,Single-family
244.54447462386918,171.7,685.5,2000,Single-family
134.83775661904124,73.2,410.6,1980,Townhouse
148.0900665191454,113.9,360.4,1978,Townhouse
194.40367616346668,137.4,1255.6,1976,Single-family
208.19991704460924,138.6,743.2,2002,Single-family
208.9253775117463,169.9,971.3,1967,Single-family
292.9701056045409,231.8,1002.4,1993,Single-family
153.59973276750605,149.6,985.0,1977,Single-family
244.48640286027296,175.7,1749.8,1978,Single-family
203.95285429001348,159.2,968.0,1988,Single-family
156.7064126624241,128.3,869.5,1972,Single-family
202.10163571667914,152.8,891.8,1971,Single-family
125.1430719681355,114.4,891.8,1966,Single-family
157.84551762091624,123.4,909.4,1963,Single-family
148.61792458807594,113.8,865.8,1959,Single-family
148.26802460574498,112.3,919.7,1966,Single-family
179.49037364448776,140.3,899.2,1967,Single-family
177.5066850693617,164.9,984.7,1964,Single-family
134.56420034434123,107.0,1310.9,1964,Single-family
140.3210699979966,97.9,817.5,1963,Single-family
171.9388887117409,160.5,1231.8,1962,Two-family
142.62638278229952,100.1,902.7,1950,Single-family
221.97786168469565,228.6,903.3,1952,Single-family
188.82599390456033,144.5,1612.6,1949,Single-family
100.79499204321691,79.7,669.5,1958,Single-family
93.39259139437904,121.3,497.0,1940,Single-family
92.92315020924966,98.7,921.5,1954,Single-family
135.02560214010262,141.2,891.8,1955,Single-family
139.05777909197184,117.8,724.6,1954,Single-family
118.47243991635621,104.8,1057.1,1966,Single-family
192.06423766277993,211.2,1077.6,1960,Two-family
297.9805985024882,205.0,1848.6,1970,Single-family
231.26608015780803,175.4,1532.0,1966,Single-family
150.93634109136934,149.0,768.0,1958,Two-family
188.2788288472547,137.5,761.5,2003,Single-family
87.16317016887399,106.2,747.8,1959,Single-family
195.36995312924202,157.9,980.2,1959,Single-family
113.06836689300785,122.1,780.3,1957,Single-family
131.54424227569393,110.9,813.8,1959,Single-family
143.7488682123496,110.4,1129.6,1959,Single-family
123.30068319984423,117.4,863.9,1960,Single-family
161.4203588241597,112.0,996.3,1959,Single-family
184.57234255728824,146.8,931.9,1959,Single-family
143.15431605426278,124.2,778.6,1956,Single-family
124.53805772118304,98.8,1017.2,1952,Single-family
123.77980628300213,90.3,1012.1,1955,Single-family
82.00417612511396,91.8,1262.2,1958,Two-family
112.11330412298466,98.2,735.9,1953,Single-family
109.683697489782,91.5,733.7,1920,Single-family
89.68430016755127,76.8,668.8,1955,Single-family
138.40559113322982,100.9,947.5,1954,Single-family
80.0933648390151,86.9,545.1,1956,Single-family
147.67509780139613,135.4,1625.9,1948,Single-family
68.22552404751508,98.1,648.3,1980,Two-family
147.89789970842222,119.6,913.1,1959,Single-family
316.60364391968704,276.6,1047.4,1967,Single-family
132.00019024982564,113.7,749.1,1948,Single-family
170.83358326651154,115.7,696.7,1959,Single-family
149.878114209544,128.7,791.5,1952,Single-family
90.44260087079225,83.6,668.8,1951,Single-family
172.2015707676765,103.7,928.9,1962,Single-family
110.69412090604891,109.2,709.2,1960,Single-family
162.66397544322834,129.6,906.6,1963,Single-family
183.83482312146398,170.8,715.3,1966,Single-family
113.57573051718336,171.3,445.9,1900,Single-family
142.94341383347395,105.9,817.5,1910,Single-family
102.93052552705853,86.9,416.6,1920,Single-family
122.22796269056946,95.5,832.3,1927,Single-family
110.70605708781271,125.1,539.2,1957,Single-family
141.87821073127523,149.1,537.9,1915,Single-family
73.78529430846959,69.4,428.1,1945,Single-family
72.74073790992179,74.7,668.8,1940,Single-family
131.18977918026974,122.2,510.9,1929,Single-family
109.0671095447371,116.2,641.0,1938,Single-family
163.38015448818993,151.7,1100.9,1948,Single-family
149.70997048706363,115.7,765.4,1920,Single-family
125.38461422383398,77.3,897.0,1923,Single-family
111.15676479679908,66.9,791.5,1928,Single-family
158.03736172038242,145.5,891.8,1900,Single-family
135.43883144073357,153.5,1003.3,1915,Single-family
180.07508329447336,210.7,836.0,1890,Single-family
156.7709693553703,209.6,840.2,1910,Two-family
136.08910136250853,114.8,688.1,1957,Single-family
122.68202610596036,126.6,719.0,1910,Single-family
96.48872334596209,212.7,1053.4,1885,Two-family
145.5354685893326,136.6,981.0,1922,Single-family
132.00732624485426,149.7,541.6,1950,Single-family
148.71443110803864,192.1,723.9,1922,Single-family
106.0052156233925,71.1,464.5,1925,Single-family
110.35194229689611,105.2,557.4,1939,Single-family
111.94858167033244,111.1,557.4,1940,Single-family
100.11373448787474,135.0,590.8,1942,Single-family
98.85695295696908,131.5,557.4,1948,Single-family
109.69172990095406,96.6,579.7,1936,Single-family
123.39302059942163,142.7,579.7,1930,Single-family
108.69077868038679,99.2,568.5,1923,Single-family
150.90166984747523,158.8,956.8,1921,Single-family
155.6975515029622,182.3,751.9,1915,Single-family
145.82666409302269,144.9,1198.3,1912,Single-family
98.49143087539211,123.0,285.0,1920,Single-family
85.51034401258484,75.8,787.0,1963,Two-family
88.92914974860523,101.4,520.2,1930,Two-family
106.73019336620186,168.3,708.8,1900,Two-family
245.00631749298728,223.2,2237.8,1940,Single-family
195.365735402284,155.6,1417.8,1959,Single-family
127.73502763158892,113.7,987.6,1917,Single-family
96.69285075925424,129.3,919.7,1915,Two-family
104.39491722337861,85.4,557.5,1940,Single-family
149.70784596905185,175.0,599.1,1907,Single-family
82.81189576140869,156.1,561.8,1910,Two-family
148.5905704930601,94.8,589.1,1875,Single-family
166.44514151623724,170.2,1000.7,1967,Two-family
151.54694446476657,164.2,1001.2,1968,Two-family
96.15435311981183,96.5,1079.9,1965,Two-family
128.03742447664328,129.3,1053.5,1957,Single-family
101.4630746455348,84.7,791.5,1967,Single-family
103.40956119620279,98.5,766.0,1968,Single-family
104.12951671949202,82.9,724.6,1966,Single-family
143.44220802945546,125.6,869.9,1969,Single-family
105.1195686484114,80.3,727.5,1968,Single-family
129.19209906463692,127.5,689.6,1978,Two-family
162.68540367915642,133.8,1042.9,1968,Single-family
164.04620890462448,128.8,1079.1,1978,Single-family
298.2721003741605,209.9,1300.5,1996,Single-family
175.16630045232648,137.8,1863.6,1977,Single-family
101.16210554949474,70.2,860.1,1927,Single-family
117.62178685501905,99.1,891.8,1950,Single-family
215.2787394490619,141.6,2191.8,1979,Single-family
273.76241044275747,184.0,1586.8,1978,Single-family
179.69331370025915,149.6,1727.8,1938,Single-family
141.09441150930053,77.6,987.0,1920,Single-family
107.30071469960524,99.8,1066.3,1950,Single-family
138.50045640683143,106.3,889.1,1956,Single-family
156.644356225951,142.2,868.6,1947,Single-family
135.84448741066407,108.9,884.8,1954,Single-family
235.76548073093787,112.6,968.0,2009,Single-family
298.62351758670513,140.1,1624.3,2009,Single-family
165.12954224388693,120.6,1040.4,1964,Single-family
124.57182510580822,86.4,1031.1,1946,Single-family
184.9046272230652,160.9,855.2,1985,Single-family
176.8790881714742,133.1,1112.9,1987,Single-family
252.7341691156557,167.4,1148.3,1993,Single-family
240.10212038853493,181.1,923.2,1993,Single-family
131.23278436576766,92.5,842.5,1992,Single-family
248.3078236343146,157.4,973.1,2008,Single-family
179.84092315169397,112.2,628.1,2006,Single-family
219.14324464135734,113.9,966.3,2009,Single-family
185.4309714835263,113.5,683.7,2010,Single-family
395.10025234862593,299.3,1149.7,1990,Single-family
140.89817830513778,134.2,1322.3,1900,Single-family
133.53622530881316,97.7,819.0,1971,Single-family
145.08322259864434,89.6,1031.6,1996,Single-family
232.34662994217035,157.2,867.4,1997,Single-family
249.16179604882214,156.2,812.8,1998,Single-family
161.1431059526632,95.3,1415.7,1977,Single-family
149.47704605934086,129.3,1012.5,1977,Single-family
132.53883305789395,83.0,989.3,1976,Single-family
88.67613812199482,81.4,694.8,1972,Single-family
240.81243189785096,183.7,965.1,2003,Single-family
242.00781791879837,148.7,1061.1,2001,Single-family
247.57840756296932,169.9,887.0,2003,Single-family
249.08489987265617,194.9,870.9,1997,Single-family
204.95804204830566,154.3,1127.5,1998,Single-family
139.75741231078885,78.8,412.0,2003,Townhouse
162.45291231131594,78.8,411.1,2004,Townhouse
238.53129865164223,154.9,987.9,2003,Single-family
217.23544477722146,137.9,780.3,2004,Single-family
226.13041051979278,131.4,815.0,2004,Single-family
91.90604744292344,59.5,815.3,1945,Single-family
123.25821717116202,92.2,821.4,1954,Single-family
142.36851259880873,154.6,912.7,1965,Two-family
135.40619059882465,111.1,933.0,1968,Single-family
124.1666414119164,104.0,1095.4,1948,Single-family
138.30406392376312,101.8,585.7,1975,Single-family
119.59326230536887,103.8,726.3,1976,Single-family
123.29284647669046,89.2,595.5,1958,Single-family
196.73462299206398,104.1,793.9,2003,Single-family
139.1078186588878,138.1,812.0,1945,Single-family
89.23986203478817,85.8,1131.4,1941,Two-family
127.0747243958228,141.8,795.4,1957,Single-family
141.47429010716064,120.4,450.8,1924,Single-family
144.5619227886776,153.0,637.1,1915,Single-family
113.8140170372642,80.3,762.8,1914,Single-family
120.07257615071518,157.1,464.5,1924,Single-family
110.25027111694156,79.5,732.9,1939,Single-family
194.824832576214,246.2,668.8,1967,Two-family
151.42245001793626,154.8,914.0,1931,Single-family
172.5352098867424,227.3,895.3,1919,Single-family
193.85311372078786,198.1,970.9,1941,Single-family
183.82655780157793,202.2,1449.1,1950,Two-family
205.2541696347462,217.4,839.9,1941,Single-family
208.9575123871356,176.7,1625.6,1959,Single-family
250.37807119994366,153.5,1824.9,1994,Single-family
193.64515860027493,96.1,362.9,1989,Townhouse
170.4072760968758,110.6,362.9,1989,Townhouse
202.19547813250247,167.3,1449.3,1959,Single-family
106.69853864271161,107.2,505.0,1922,Single-family
76.64841803492894,50.2,757.5,1941,Single-family
134.30453817139227,102.8,849.1,1921,Single-family
138.506078911728,104.8,696.7,1920,Single-family
129.3255893992575,109.4,809.3,1900,Single-family
142.78167093314607,97.0,809.3,1952,Single-family
124.84116466260062,88.4,809.3,1896,Single-family
183.6389341569305,152.9,354.0,2004,Townhouse
246.22643891549419,178.0,1026.5,1998,Single-family
141.17866917724487,119.4,893.6,1977,Single-family
213.6313347742139,144.9,854.3,2003,Single-family
155.03826905019187,96.1,1145.2,1976,Single-family
195.7537214097294,190.2,1185.3,1976,Two-family
221.3025031350065,125.0,1105.1,2008,Single-family
203.6576207094624,112.8,910.6,2009,Single-family
205.61406545281432,134.1,910.5,2006,Single-family
279.2251750598624,182.8,1115.0,2009,Single-family
265.27208207910763,175.9,1051.2,2002,Single-family
295.512540597441,177.2,1318.3,2002,Single-family
295.2751748739804,187.5,1227.5,2008,Single-family
144.64671876856158,117.4,1421.3,1965,Single-family
211.2898280906603,132.8,939.5,2004,Single-family
166.07889989298823,169.4,873.2,1971,Two-family
196.94361065229384,124.8,1103.1,1999,Single-family
116.25782652660324,101.4,183.4,1973,Townhouse
115.47862823797038,87.8,222.4,1973,Townhouse
113.64366907483908,103.3,240.8,1976,Townhouse
112.10606540009846,101.4,137.1,1970,Townhouse
91.44604387591852,58.5,138.5,1972,Townhouse
142.45920273408302,101.4,176.5,1970,Townhouse
112.08699994338764,101.4,175.6,1972,Townhouse
118.68133288291854,81.2,645.9,1971,Single-family
110.26627070981723,110.4,2428.4,1962,Single-family
122.66528415289687,77.4,1197.1,1984,Single-family
204.23951049546505,225.9,715.3,1985,Two-family
172.36388989284168,118.3,973.1,1991,Single-family
176.72404318193648,137.4,979.5,1969,Single-family
220.09895557502801,167.5,918.9,1994,Single-family
234.94717389474462,166.9,1204.0,1993,Single-family
74.28408835354388,81.9,1208.4,1956,Single-family
161.64235925758317,133.2,947.5,1974,Single-family
311.4012535053764,251.2,1287.5,1972,Single-family
224.397377777793,149.4,945.6,1997,Single-family
319.5977915563494,212.1,1095.4,2003,Single-family
200.2829670891796,151.2,780.3,1996,Single-family
272.249486685318,162.2,1383.4,2006,Single-family
203.625805442701,136.9,792.4,1995,Single-family
327.84803105936595,234.3,677.8,2004,Townhouse
189.1812308564235,154.1,526.2,2000,Townhouse
203.2375151350058,137.3,685.6,1998,Single-family
226.32678236782388,161.1,744.4,1995,Townhouse
211.55116546669777,128.4,828.9,1998,Single-family
255.27871070544958,159.6,942.0,1998,Single-family
213.69238806783807,152.0,696.7,1998,Single-family
204.48016776563597,145.9,728.0,1993,Single-family
223.44478801402258,136.6,907.1,1993,Single-family
178.43548985030355,140.8,817.7,1994,Single-family
160.5242662028446,110.5,673.5,1993,Single-family
207.58207970004443,148.0,895.1,1992,Single-family
172.7649201589086,137.6,754.8,1994,Single-family
195.7052789624796,108.4,859.1,1992,Single-family
254.29447613026065,184.2,999.7,1999,Single-family
187.9267543261401,134.0,1100.9,1990,Single-family
183.18626523303124,126.3,540.1,1984,Townhouse
369.25801257686237,207.5,1618.5,2008,Single-family
289.3291704479062,190.1,1100.2,2008,Single-family
242.56235656563908,142.1,1501.0,2005,Single-family
231.5655399765518,179.7,1105.4,1977,Single-family
257.2424513622403,218.6,1208.1,1980,Single-family
196.77534877208583,147.3,1583.2,1979,Single-family
164.23191459219964,131.1,1105.4,1977,Single-family
199.8348083668427,148.8,1545.3,1977,Single-family
242.14731837637655,190.4,1230.8,1978,Single-family
223.92192613016778,155.2,1015.1,1978,Single-family
322.8917102641469,248.3,1150.8,1980,Single-family
193.77507212982323,136.7,1311.2,1980,Single-family
196.96009507249474,158.6,1030.0,1978,Single-family
284.4553338424373,234.5,891.8,1981,Single-family
201.14224014521776,148.7,1103.6,1978,Single-family
179.37384755603287,127.3,966.1,1976,Single-family
227.51660059038952,173.5,957.2,1976,Single-family
213.98558187203116,175.0,650.3,2003,Single-family
222.52577111295392,179.7,743.5,2009,Single-family
226.74377543571805,174.1,696.7,2000,Single-family
234.9503800637888,168.2,786.8,2002,Single-family
183.3678222610546,150.6,870.7,1975,Single-family
134.50055363504123,103.7,941.9,1974,Single-family
150.02587285283968,110.8,1026.5,1975,Single-family
169.21167531539004,125.4,941.9,1974,Single-family
232.9728541568869,196.8,970.6,1972,Single-family
180.56781587276458,166.5,836.0,1974,Two-family
94.17086614558707,93.1,812.8,1970,Single-family
98.98367695273842,95.3,736.6,1969,Single-family
155.38825906667822,109.6,727.4,1970,Single-family
138.588394389607,97.5,790.5,1971,Single-family
122.92985379819982,80.3,653.8,1970,Single-family
106.37873621874171,80.3,646.5,1970,Single-family
108.67364768331245,80.3,754.3,1970,Single-family
127.22552486517816,80.3,975.4,1971,Single-family
105.72125532787108,80.3,836.0,1971,Single-family
91.43896869053818,91.7,156.1,1973,Townhouse
118.21911377473019,126.8,220.0,1970,Townhouse
127.6935692952575,120.9,156.1,1971,Townhouse
123.37175924200349,91.7,156.1,1972,Townhouse
138.5827801582714,91.7,156.1,1972,Townhouse
132.26206042463545,120.9,156.1,1972,Townhouse
147.94614973188146,89.0,457.8,1976,Townhouse
173.97606285540803,143.8,214.4,1976,Townhouse
131.9600149739016,135.3,211.8,1976,Townhouse
109.46272706042865,98.0,211.8,1975,Townhouse
127.40491896110919,122.8,214.4,1974,Townhouse
143.8537626604156,135.3,218.2,1977,Townhouse
181.6731360156836,143.8,219.6,1978,Townhouse
139.63862098076675,133.9,212.6,1978,Townhouse
166.05356512156476,135.3,219.6,1978,Townhouse
106.85293515530171,77.7,195.4,1976,Townhouse
118.49512369765495,82.9,664.2,1967,Single-family
148.19593261310752,104.0,994.9,1966,Single-family
268.7603572193472,159.6,1157.1,2006,Single-family
416.56428327995695,257.5,1324.4,2007,Single-family
442.0761068387631,291.7,1255.7,2008,Single-family
388.3627322089923,223.1,1433.4,2008,Single-family
271.952754263813,153.5,1223.7,2006,Single-family
247.61332978854958,148.6,1321.9,2007,Single-family
311.4274689714424,189.7,1180.1,2008,Single-family
367.44350025737367,249.9,1147.2,2009,Single-family
311.49106124570517,202.9,1050.4,2008,Single-family
281.2393239299059,187.6,1147.2,2008,Single-family
311.1146704429089,187.6,1135.2,2009,Single-family
384.4858008769264,213.3,1252.0,2008,Single-family
409.6049791078931,248.4,1272.0,2007,Single-family
422.83839711305194,262.1,1290.4,2008,Single-family
248.39963149360622,161.3,1075.5,2008,Single-family
287.64417666450805,165.5,1567.1,2004,Single-family
426.99984112826513,234.1,2164.7,2007,Single-family
251.41600090566064,159.5,1035.4,2006,Single-family
256.3681374899433,161.9,963.0,2008,Single-family
211.85941500117346,159.1,890.9,2004,Single-family
218.99516259500675,142.2,1009.9,2006,Single-family
253.5661506089182,168.0,1255.4,2008,Single-family
311.3863093645232,206.6,820.6,2004,Single-family
269.6148700780818,170.6,1055.5,2004,Single-family
245.16214406937965,151.3,989.8,2003,Single-family
258.0989426138528,163.5,1196.3,2003,Single-family
204.48924433405404,139.5,886.3,2009,Single-family
341.5764923591404,222.2,1251.5,2003,Single-family
349.1317958970711,227.8,1418.9,2003,Single-family
323.7924324639729,222.9,1232.0,2003,Single-family
232.19235583328697,149.2,897.2,2006,Single-family
220.58168977989652,126.2,641.3,2005,Townhouse
199.0645486142291,121.3,499.9,2005,Townhouse
187.8146805036868,121.3,475.8,2005,Townhouse
231.4538822898277,126.2,957.5,2007,Townhouse
202.38123373905535,122.1,464.6,2007,Townhouse
382.12983666264347,231.5,1378.2,2004,Single-family
301.98222615834914,204.4,1417.7,2003,Single-family
266.18726009925143,175.0,686.5,2008,Townhouse
226.44093143767125,135.3,601.2,2008,Townhouse
265.9371518198324,159.0,1557.8,2002,Single-family
203.4700687836418,123.0,579.7,2006,Townhouse
216.22958744861518,130.5,323.3,2003,Townhouse
194.99393629205073,151.0,210.7,2003,Townhouse
207.94500994233863,135.3,1015.1,2005,Single-family
184.81069820788667,138.4,828.4,2005,Single-family
231.53773644259866,137.9,1169.4,2005,Single-family
260.8665635545635,144.9,1106.5,2005,Single-family
210.10954790253174,144.5,342.2,2007,Townhouse
173.0026018206791,145.8,337.7,2007,Townhouse
177.46088997301382,144.5,295.6,2005,Townhouse
196.2095517466806,139.7,295.6,2005,Townhouse
190.60966684976484,113.3,295.6,2005,Townhouse
171.78166308378664,106.4,295.6,2005,Townhouse
199.88015868392822,133.0,724.1,2004,Single-family
290.8970209900804,210.6,749.5,2002,Single-family
222.79755004502823,127.6,876.4,2004,Single-family
206.63393714529641,151.4,741.7,2004,Single-family
199.21705319504633,131.8,719.9,2002,Single-family
215.05385372747386,148.1,940.6,2004,Single-family
193.37943723542605,138.3,832.8,2003,Single-family
199.76752349907494,124.7,759.3,2003,Single-family
181.50525765522474,122.1,470.3,2007,Townhouse
279.1271027091709,209.6,817.0,2000,Single-family
291.16758366782693,186.2,1197.5,2002,Single-family
296.128481227119,190.8,1135.5,2000,Single-family
188.56577890347384,127.6,904.2,2004,Single-family
231.5579453633642,167.2,754.6,2000,Single-family
200.58649542028667,140.6,783.4,2000,Single-family
210.71570393726503,132.8,719.9,1999,Single-family
322.3914287803561,214.8,1476.6,1999,Single-family
235.99659646661675,155.6,2292.8,1999,Single-family
261.8068117870884,191.4,813.3,1999,Single-family
176.31982078884022,132.8,729.0,1999,Single-family
272.489513970714,219.7,876.0,1999,Single-family
394.9839215021676,259.5,1406.2,1995,Single-family
368.2843605439518,249.6,1181.6,2000,Single-family
305.63877032863866,227.6,1536.9,1998,Single-family
329.1323558540286,242.6,1133.6,1998,Single-family
273.4496177469567,217.7,948.3,1996,Single-family
270.3744421186033,191.6,998.6,1994,Single-family
335.12134138232034,245.8,919.7,1993,Single-family
280.0018669554957,191.5,843.9,1995,Single-family
294.11972577412314,207.3,1086.1,1993,Single-family
225.09413143524415,171.9,2783.0,1994,Single-family
204.68100897069587,136.4,892.9,2008,Single-family
240.8109934096472,157.5,1039.9,2008,Single-family
251.8693497999648,154.0,948.1,2008,Single-family
248.79395084730095,146.6,860.4,2008,Single-family
217.6028336399866,158.1,941.0,2007,Single-family
220.23961093727544,133.0,849.0,2006,Single-family
280.1087258661379,183.1,898.7,2005,Single-family
341.404864087016,231.3,1033.7,2005,Single-family
302.4285534104419,172.0,802.6,2009,Single-family
237.0224498571932,147.7,836.0,2008,Single-family
189.02704151540212,113.1,730.3,2009,Single-family
216.08945873477523,133.4,742.5,2008,Single-family
194.38525922590642,122.1,802.6,2009,Single-family
192.12915619391958,130.2,802.6,2008,Single-family
249.52286616769914,142.1,1171.0,2007,Single-family
267.2751851688644,164.1,853.4,2009,Single-family
196.83737794340863,134.5,696.7,2006,Single-family
301.430141907587,186.4,1022.1,2008,Single-family
251.543641669261,166.7,985.0,2006,Single-family
295.9665308646402,181.4,982.3,2005,Single-family
217.7234061965255,144.0,754.8,2006,Single-family
253.63679389157062,170.6,754.8,2008,Single-family
255.11204953130186,154.4,987.0,2006,Single-family
251.62533022983348,194.5,870.9,2003,Single-family
174.89831622723688,113.4,696.7,2004,Single-family
241.3990994183282,144.3,811.5,2003,Single-family
218.74531491129605,153.6,754.9,2003,Single-family
217.1905449994738,113.1,892.2,2007,Single-family
187.681920255325,106.0,696.7,2006,Single-family
145.1249885525409,107.6,696.7,2004,Single-family
265.4619774824991,168.3,987.3,2004,Single-family
205.2108518182821,140.5,942.0,2004,Single-family
194.05265546874242,111.5,936.6,2003,Single-family
189.61534924466972,103.5,1214.3,2004,Single-family
196.17579568875598,103.5,1214.3,2004,Single-family
191.06123919204762,103.5,1156.5,2003,Single-family
206.50301886380566,134.7,680.7,2008,Single-family
269.9536622376756,197.1,1067.5,1996,Single-family
242.72757757894334,171.3,1021.3,2005,Single-family
182.76428461580264,133.2,792.3,2001,Single-family
215.30431773596484,160.7,715.6,1992,Single-family
219.02520651606727,113.1,999.7,1980,Townhouse
198.8553912114378,123.7,666.5,1990,Townhouse
211.8490091144035,143.1,846.2,1994,Single-family
196.07399035408255,130.1,954.4,1986,Single-family
152.09089433836255,174.8,766.4,1981,Two-family
77.6816340625144,78.1,780.3,1950,Single-family
103.74024392665417,72.8,836.0,1928,Single-family
94.46723609333729,91.0,905.7,1962,Single-family
119.14055983739357,91.0,656.2,1977,Single-family
89.44083189578326,80.3,789.5,1961,Single-family
104.10661568877208,80.3,843.4,1961,Single-family
114.80414152598522,94.8,865.4,1965,Single-family
120.39580259028693,84.7,723.7,1963,Single-family
123.59343144132207,106.3,928.9,1961,Single-family
95.89312252407848,80.3,769.3,1965,Single-family
110.00433803685308,84.7,664.2,1962,Single-family
298.96377682697903,187.1,1456.2,1980,Single-family
238.74365903139952,163.0,1110.0,1991,Single-family
285.87257744771193,279.1,267.5,2004,Townhouse
190.19934749540425,113.7,367.0,2009,Townhouse
217.76988433623117,113.7,278.7,2009,Townhouse
226.5313464581626,160.3,355.8,2008,Townhouse
211.34621112476657,116.7,391.7,2008,Townhouse
199.62592758201518,136.6,300.0,1999,Townhouse
202.67433784381842,140.5,278.5,2000,Townhouse
203.15754996458574,134.9,350.0,1999,Townhouse
199.1403934411962,161.5,245.7,1999,Townhouse
209.40904659360956,157.4,1365.0,1977,Single-family
146.49531099206516,113.9,351.3,1981,Townhouse
227.39011487946496,161.6,1432.1,1981,Single-family
265.5772133352752,232.1,891.8,1976,Single-family
164.83475345862456,150.5,928.1,1976,Single-family
172.3934359155935,144.5,1086.9,1968,Single-family
169.23136485484451,134.0,1088.4,1970,Single-family
161.06037688452176,138.3,850.5,1968,Single-family
217.64642399757446,194.1,964.4,1973,Single-family
248.42150650329376,192.0,1182.7,1974,Single-family
170.635777608607,129.6,1201.7,1972,Single-family
257.8537967406724,245.2,966.1,1967,Single-family
185.59811353569648,160.1,1660.1,1967,Single-family
140.16121217665886,124.1,891.8,1969,Single-family
144.21662312035014,113.0,836.0,1969,Single-family
272.01141721538414,212.5,1279.5,1977,Single-family
130.2599743606738,123.9,896.4,1977,Single-family
240.08329861911363,156.1,941.9,1998,Single-family
207.15264131823662,154.7,780.3,2001,Single-family
96.01678484471083,80.3,662.3,1967,Single-family
183.30312269779682,145.7,891.8,1967,Single-family
136.93096892816067,85.9,845.3,1965,Single-family
205.05582959576606,191.5,891.8,1974,Single-family
163.32135932724537,122.6,1532.8,1971,Single-family
132.76506427112233,124.7,909.4,1967,Single-family
120.81291606571071,83.0,690.8,1960,Single-family
122.89112364400621,80.3,754.8,1959,Single-family
105.8890639295586,80.3,845.3,1959,Single-family
163.00252158993425,126.5,877.8,1957,Single-family
196.80757777299937,160.5,1253.6,1956,Single-family
151.65166857862377,165.0,1066.0,1958,Two-family
172.3623655960556,140.8,929.3,1964,Single-family
116.91989977297646,122.0,868.6,1961,Single-family
143.61864055381002,120.0,975.4,1964,Single-family
145.0335102495435,107.2,1021.8,1966,Single-family
204.08558049208196,198.8,833.3,1965,Single-family
195.20455178966333,134.2,1123.6,1964,Single-family
128.827025095405,96.7,891.8,1959,Single-family
174.85117755114265,146.4,1066.0,1961,Single-family
97.75289194750326,89.2,907.4,1955,Single-family
86.66897721097342,65.8,495.1,1940,Single-family
105.69006201448727,111.8,651.7,1950,Single-family
193.76611829360792,139.8,1129.6,1953,Single-family
171.31772031752325,157.1,919.7,1967,Single-family
159.9363066284941,152.7,891.8,1953,Single-family
141.12080403452603,97.5,891.8,1956,Single-family
167.11562005858806,154.9,891.8,1950,Single-family
102.24183673104972,103.4,891.8,1950,Single-family
145.24008093714139,147.1,830.8,1967,Two-family
167.2141679502302,135.0,982.2,1961,Single-family
146.83802794453035,129.5,882.5,1963,Single-family
190.79365678891017,145.6,1365.1,1966,Single-family
219.88933014477522,184.5,1263.4,1965,Single-family
214.3990563975812,199.0,1207.6,1968,Single-family
160.02690648550634,129.3,1259.6,1968,Single-family
156.3225441391374,161.4,1162.4,1920,Single-family
116.57749785945936,106.3,813.8,1956,Single-family
152.37828765238933,137.3,780.3,1957,Single-family
167.07275259018104,123.5,1141.2,1960,Single-family
123.99820622145342,91.8,858.3,1959,Single-family
156.25032087737242,151.6,891.8,1958,Single-family
162.51601946680995,112.9,1151.9,1958,Single-family
130.7443067013159,111.7,812.8,1956,Single-family
144.01119817425564,128.4,812.8,1955,Single-family
123.14386740209962,111.5,966.1,1956,Single-family
156.64138100405782,128.4,1792.5,1962,Single-family
146.937412034499,120.5,792.6,1954,Single-family
160.82213368756098,173.3,880.8,1958,Two-family
114.4707236847271,98.7,755.0,1954,Single-family
141.03409455849723,122.5,987.8,1953,Single-family
133.47877262713294,103.3,1214.1,1951,Single-family
107.84726335664718,93.4,969.3,1955,Single-family
147.2970785706578,126.6,1352.4,1951,Single-family
95.20825083840165,73.7,787.7,1945,Single-family
91.97376924156052,95.8,708.4,1952,Single-family
132.6576859533581,112.4,885.6,1953,Single-family
119.16139867488913,157.8,986.1,1900,Two-family
131.83003620619687,141.8,1060.8,1948,Single-family
116.4480071033507,111.5,891.8,1950,Single-family
108.77034245699319,90.3,743.2,1948,Single-family
50.74833499308632,73.6,508.1,1958,Single-family
148.17827104597043,153.8,967.0,1916,Single-family
139.6817849175948,125.6,1003.3,1939,Single-family
133.92956851474483,96.5,756.7,1900,Single-family
97.03817876388638,73.6,838.1,1924,Single-family
96.95600158128394,100.1,950.3,1925,Single-family
194.21761334991993,220.8,967.0,1915,Single-family
113.33206437344882,157.0,668.8,1910,Single-family
94.93094322738985,55.6,501.6,1940,Single-family
102.09922021244589,127.6,501.6,1920,Single-family
95.14713424035126,78.6,1003.3,1920,Single-family
131.81033772619497,67.3,1003.3,1890,Single-family
240.02055257933233,236.3,898.4,1969,Two-family
149.09740492237984,128.2,942.2,1963,Single-family
131.59816138112728,96.6,1068.3,1967,Single-family
223.35047373076074,244.7,1081.6,1969,Two-family
125.34953107394128,88.3,744.1,1958,Single-family
130.42324238231032,102.6,971.1,1957,Single-family
131.2296691033933,121.3,809.3,1957,Single-family
189.03457334322908,137.3,1634.9,1960,Single-family
103.9179753928949,106.1,836.0,1958,Single-family
131.13168392146787,117.8,1128.1,1949,Single-family
87.76841597867903,96.6,793.7,1950,Two-family
114.41279147474197,105.2,749.1,1950,Single-family
45.436607369434704,96.6,668.8,1949,Two-family
162.3868625471416,176.9,668.8,1950,Single-family
114.26126141762546,96.7,682.8,1958,Single-family
147.19575122538984,124.4,702.3,1958,Single-family
128.1750081260731,68.0,668.8,1952,Single-family
123.26495124313416,109.9,743.2,1959,Single-family
129.51262959808318,106.6,736.7,1959,Single-family
151.797496344179,135.7,1003.3,1949,Single-family
139.82154845439848,138.9,749.1,1948,Single-family
165.06264377153278,167.8,703.2,1964,Single-family
106.72005323386568,87.4,799.3,1978,Two-family
137.49707055432765,97.1,737.2,1963,Single-family
93.04697945591455,83.0,613.1,1962,Single-family
126.73486028323802,113.7,366.9,1926,Single-family
135.4616003736653,114.3,969.8,1910,Single-family
107.16618021219817,128.0,379.0,1935,Single-family
96.85822408128288,180.6,957.5,1910,Two-family
104.88375199703647,105.1,531.4,1941,Single-family
114.86802027907731,121.3,1454.7,1910,Single-family
144.55609930557065,136.0,919.7,1910,Single-family
140.7266072044858,144.7,595.1,1939,Single-family
174.31552677234313,220.3,613.1,1892,Single-family
105.17904899469697,158.0,708.5,1920,Two-family
136.05518411762768,182.1,705.6,1952,Two-family
106.04424233373216,129.0,313.8,1946,Single-family
104.33416484996354,134.4,941.4,1910,Single-family
66.4207820606514,86.9,557.4,1953,Two-family
109.39755729614228,123.4,557.4,1950,Single-family
101.92678379468269,128.8,557.4,1954,Two-family
99.67198159269131,80.0,687.8,1920,Single-family
100.22242742619234,56.9,550.4,1940,Single-family
107.07775028963384,89.9,550.4,1910,Single-family
109.74142417043169,82.3,537.3,1938,Single-family
138.881602266727,73.6,791.5,1923,Single-family
103.61348202819873,134.9,413.9,1920,Two-family
151.18612489975774,140.3,891.8,1910,Single-family
114.16384679399533,119.3,325.1,1947,Single-family
151.7637612212141,198.6,752.4,1898,Single-family
188.37973331370887,245.2,1086.9,1880,Single-family
140.79103679893652,186.4,780.3,1900,Single-family
103.1535991654555,119.6,334.4,1917,Single-family
177.51177960452858,161.8,1641.5,1882,Single-family
86.66240247380995,75.8,306.6,1910,Single-family
139.86347487202102,137.7,836.0,1920,Single-family
96.28922393040523,94.9,668.8,1910,Single-family
135.5240783473681,173.6,819.3,1890,Single-family
128.18743033829355,137.5,501.6,1920,Single-family
127.45177234698511,141.3,902.9,1910,Single-family
93.14088022336954,66.9,731.9,1920,Single-family
150.020910871051,74.0,872.5,1900,Single-family
135.5609653902529,146.4,1986.4,1923,Single-family
119.57860785071544,133.0,614.5,1923,Single-family
124.60217125485319,143.8,674.8,1925,Single-family
124.34480614246081,153.6,460.8,1930,Single-family
103.16279398672697,88.4,822.5,1916,Single-family
114.15149350007428,123.0,557.4,1936,Single-family
124.09832181213515,109.2,557.4,1937,Single-family
109.16034577144467,125.2,557.4,1925,Single-family
81.74459816289973,131.2,557.4,1939,Single-family
98.03965637164087,106.1,557.4,1924,Single-family
112.40636772839022,84.0,557.4,1926,Single-family
133.86576239373085,120.9,642.0,1924,Single-family
128.26284774261126,143.0,568.5,1936,Single-family
145.3927728090529,146.1,568.5,1935,Single-family
80.32351584773798,74.3,568.5,1936,Single-family
118.30633262154754,81.3,568.5,1931,Single-family
107.18059057982165,92.4,568.5,1925,Single-family
135.43544420897533,147.0,568.5,1938,Single-family
71.9255248372968,99.6,802.1,1925,Single-family
190.53997106338994,198.2,1104.3,1916,Single-family
170.46790995971057,187.6,1060.3,1910,Single-family
169.6562934463075,164.2,751.9,1915,Single-family
106.05493585337422,169.6,232.2,1915,Single-family
143.37919487831957,180.6,922.3,1915,Single-family
130.21117658850832,207.1,512.8,1912,Single-family
94.33466751658068,197.7,278.7,1922,Two-family
147.52565377896173,179.3,638.7,1927,Single-family
101.21441236763346,112.2,579.7,1925,Single-family
101.07592996493572,132.6,536.5,1915,Single-family
128.04326290024477,173.2,543.6,1902,Two-family
116.103219730103,154.8,479.3,1927,Single-family
97.36993501476228,82.9,479.3,1923,Single-family
97.25291715849707,130.3,958.7,1915,Two-family
104.7413156451826,65.4,397.6,1946,Single-family
156.8571139852607,111.5,1003.3,1987,Two-family
124.80056874509991,111.5,1003.3,1987,Two-family
122.58158980394872,107.0,979.8,1978,Two-family
97.75104596113326,84.0,930.8,1922,Single-family
145.79549607042628,127.2,615.8,1925,Single-family
125.79028217921554,103.3,908.5,1934,Single-family
162.9897173280248,136.0,1197.0,1963,Single-family
123.77174049602519,104.1,819.0,1963,Single-family
206.80836141055,156.3,1038.9,1978,Single-family
132.71804307981557,97.7,1079.9,1967,Single-family
137.5154547605024,83.5,724.6,1967,Single-family
118.71646483342937,96.1,744.5,1978,Single-family
102.86215396146717,79.7,673.7,1982,Single-family
149.4933912652103,79.9,811.9,1982,Single-family
128.56953703468997,101.4,1079.1,1962,Single-family
219.200217199886,164.8,1430.6,1961,Single-family
153.1535168638727,105.7,1422.4,1960,Single-family
199.83739518535546,192.4,1447.7,1956,Single-family
89.23191066311001,61.3,836.0,1947,Single-family
181.34081136049315,166.1,1045.1,1957,Single-family
153.6882660769305,136.8,2331.2,1968,Single-family
146.8508569051214,114.2,1592.2,1956,Single-family
100.78514336641341,80.0,1146.5,1940,Single-family
180.55855024891866,173.4,994.7,1955,Single-family
197.90450961892674,161.0,1270.8,1955,Single-family
174.8104275820586,128.5,1452.4,1954,Single-family
153.44437062399274,156.9,915.5,1956,Single-family
120.70185682268067,99.7,889.1,1956,Single-family
135.99146783827769,118.5,889.1,1958,Single-family
131.01930610879594,152.3,868.6,1946,Single-family
113.13634970596766,62.4,867.6,1941,Single-family
124.1231302820417,101.2,691.1,1954,Single-family
122.88221835473139,78.5,1068.3,1957,Single-family
145.92809761302433,97.4,393.4,1984,Townhouse
181.03582599545962,159.4,1059.8,1949,Single-family
139.65413917670483,116.9,841.6,1939,Single-family
156.39555773378908,140.3,843.8,1940,Single-family
158.397557389857,98.6,1001.2,1990,Single-family
192.25642511206712,124.3,1788.7,1983,Single-family
250.93716373420796,198.0,1145.1,1983,Single-family
286.8781922151741,204.0,1364.1,1990,Single-family
234.75847613608843,164.9,865.5,1993,Single-family
239.6194904985557,174.5,981.0,1993,Single-family
248.91856960000217,187.6,913.0,1995,Single-family
136.5312972141802,187.3,2452.4,1880,Single-family
143.34325073756193,142.6,651.9,1979,Two-family
100.72943266190308,113.7,651.9,1979,Two-family
177.35189487066762,207.0,651.9,1979,Two-family
144.04521364610227,142.6,651.9,1979,Two-family
141.25167971764665,142.6,651.9,1979,Two-family
184.9153200217962,208.1,651.9,1979,Two-family
130.48189344123037,114.2,654.0,1979,Two-family
130.18612967573563,140.5,650.9,1979,Two-family
309.08257041788096,258.9,1101.3,2000,Two-family
283.1519975105175,258.9,737.5,2000,Two-family
273.41968170377504,258.9,740.9,2000,Two-family
271.1592051700788,156.1,1015.6,2009,Single-family
259.17411832669825,159.6,988.1,2007,Single-family
243.59527775314208,151.4,949.9,2008,Single-family
220.4430924334773,159.8,1004.7,2008,Single-family
196.50665537292653,136.4,852.6,2008,Single-family
255.43674323248848,164.2,1000.4,2007,Single-family
242.9777662230114,170.7,1061.0,2007,Single-family
282.9567248692153,167.2,1107.6,2007,Single-family
223.3625692869756,149.0,818.8,2006,Single-family
180.65281155808503,119.8,628.1,2007,Single-family
204.50874617392282,116.5,959.0,2008,Single-family
167.9919221127112,114.4,679.4,2007,Single-family
215.25241307021,139.2,1081.8,2005,Single-family
194.63161472525144,132.1,1081.8,2005,Single-family
221.1490172250091,152.7,1189.0,1989,Single-family
258.1351680040887,163.4,1551.1,1992,Single-family
223.22148221313856,197.5,2665.9,1967,Single-family
169.14605149444074,96.6,1157.8,1996,Single-family
142.50351106885677,92.0,906.4,1994,Single-family
263.46199397098496,163.9,1433.0,1997,Single-family
187.21844031606372,154.3,990.9,1996,Single-family
209.17689587174203,135.9,1370.5,1998,Single-family
160.15739750649553,101.9,1008.7,1994,Single-family
140.69654920088286,92.0,749.8,1994,Single-family
240.931693359939,165.3,966.1,1998,Single-family
209.30403611959193,139.4,960.1,1999,Single-family
199.81070161742312,132.9,837.6,1999,Single-family
243.32059378031755,164.6,812.8,1998,Single-family
243.86767732849725,154.2,830.0,2002,Single-family
231.0152837802584,146.1,911.1,2002,Single-family
281.7264438337984,170.9,1153.7,2001,Single-family
257.39707112657084,132.8,1512.8,2001,Single-family
220.19780075814475,134.1,997.6,2002,Single-family
198.86554355240028,138.6,1037.3,2001,Single-family
150.08301257476126,96.6,783.1,1978,Single-family
123.79358511265019,84.3,1511.3,1978,Single-family
148.37615562103144,84.9,645.6,1979,Single-family
161.58692929132766,96.6,817.5,1977,Single-family
109.13094065889369,80.3,650.3,1978,Single-family
137.62850678561603,117.8,862.6,1977,Single-family
118.39347936714472,80.3,1442.0,1972,Single-family
113.84140034598262,83.0,668.8,1972,Single-family
127.07222748223272,71.3,668.8,1972,Single-family
94.2556772311853,71.3,784.5,1972,Single-family
249.79831979664598,149.7,1083.5,2002,Single-family
274.7466230142315,202.9,1145.8,2003,Single-family
272.18175812398505,166.1,1099.7,2001,Single-family
262.3120755691582,173.9,1104.0,2001,Single-family
288.5752722902739,200.0,1026.5,2000,Single-family
226.31784646286533,160.2,812.7,2002,Single-family
272.8966265418334,173.7,1045.1,2001,Single-family
241.35774658280278,140.5,1463.1,1999,Single-family
240.68276734179983,139.7,1103.9,1996,Single-family
239.29797296814655,169.8,1187.4,2002,Single-family
177.50292656264358,131.6,812.8,1997,Single-family
232.7547732537585,188.9,870.9,1997,Single-family
226.54133948339535,159.4,812.8,1996,Single-family
157.02411729647716,112.6,845.3,2001,Single-family
258.9925526622173,151.4,905.7,2000,Single-family
160.16868830740347,78.8,412.0,2003,Townhouse
177.11992405444127,78.8,412.0,2003,Townhouse
222.23684141970799,148.8,947.5,2007,Single-family
239.58941894821808,160.5,865.1,2004,Single-family
218.26515878499129,139.3,788.4,2004,Single-family
199.10411598000277,137.1,802.0,2005,Single-family
218.0262974141616,129.7,1028.2,2007,Single-family
144.2556854882952,104.6,815.3,1949,Single-family
178.02697332211213,138.0,923.1,1964,Single-family
112.99377046110203,75.8,824.6,1938,Single-family
265.1011050983321,178.5,678.2,2003,Single-family
128.79038317148434,132.5,738.5,1977,Single-family
139.32670461931966,106.7,992.3,1960,Single-family
126.302675138653,104.5,668.8,1976,Single-family
286.4447203804413,157.7,1234.2,2007,Single-family
186.20917815354338,99.6,341.4,2005,Townhouse
118.29413711257932,64.8,873.7,1947,Single-family
93.76917038851064,81.4,595.5,1959,Single-family
153.78747919533478,127.1,1093.1,1950,Single-family
155.46501131494946,142.0,780.8,1945,Single-family
112.83599729636482,80.3,377.1,1922,Single-family
102.49157990085521,87.7,948.1,1952,Single-family
134.22646155708844,155.9,1015.0,1959,Two-family
167.82039719570525,144.9,1093.1,1956,Single-family
136.62362574326252,89.2,829.2,1956,Single-family
135.29273390058185,111.1,1147.6,1920,Single-family
145.08746614365657,120.6,762.8,1941,Single-family
123.51122049763772,149.0,1021.6,1941,Single-family
108.97871115862061,117.8,585.2,1938,Single-family
117.65462647060153,141.2,418.0,1932,Single-family
101.69890198302153,40.7,780.3,1920,Single-family
112.78861449153764,138.3,919.7,1940,Single-family
289.0201483957616,286.3,1473.6,1920,Single-family
113.67095585417516,115.4,530.1,1935,Single-family
145.07417746560708,184.0,724.9,1928,Single-family
140.25832247369826,114.4,796.5,1916,Single-family
98.21285081086326,149.4,573.2,1925,Single-family
104.19981572174656,105.4,668.8,1936,Single-family
160.26197074922075,177.7,702.1,1928,Single-family
125.71776282004905,137.2,584.5,1928,Single-family
113.51281283403101,114.1,664.7,1918,Single-family
172.06370858056434,193.2,1014.2,1926,Single-family
152.8582595480825,145.6,1270.8,1940,Single-family
144.0767553273391,138.8,696.7,1942,Single-family
125.40366095665509,121.5,891.8,1940,Single-family
161.33734767531612,118.3,1363.7,1960,Single-family
82.4718206874972,89.5,1241.1,1921,Single-family
140.65249370576203,124.8,713.5,1921,Single-family
201.7358065448824,230.4,756.6,1940,Two-family
131.19367396875114,103.3,845.3,1954,Single-family
151.97768724679722,145.3,1114.7,1941,Single-family
165.02278858317555,145.0,1239.1,1960,Single-family
172.42859530697046,141.5,1449.1,1949,Single-family
123.33566883529133,107.0,1300.5,1950,Single-family
191.91191577860496,177.1,1625.6,1954,Single-family
89.5833512621255,95.9,161.0,1980,Townhouse
131.61995054973636,114.2,138.2,1980,Townhouse
124.89233561500858,114.2,149.7,1980,Townhouse
122.49373138128311,114.2,120.8,1980,Townhouse
253.9204113489263,184.1,1264.0,1986,Single-family
272.837165566117,219.7,1634.7,1971,Single-family
237.96892520203616,156.1,2015.3,1988,Single-family
115.0939472686983,124.8,993.0,1920,Single-family
159.64411582685202,201.4,804.5,1900,Single-family
107.91305091811037,110.7,594.7,1920,Single-family
107.35454682351639,141.8,786.8,1915,Single-family
80.58584781902033,53.1,947.5,1925,Single-family
207.2561261997742,153.1,357.0,2007,Townhouse
58.041973206596545,75.2,2023.2,1910,Single-family
271.26490229433966,190.6,940.6,2000,Single-family
298.98441334002035,199.6,1191.1,2003,Single-family
252.8200080045557,158.8,1125.7,2004,Single-family
268.92895357198864,182.2,1134.1,2001,Single-family
92.79136641683004,86.0,905.7,1977,Single-family
154.07495622054228,119.6,869.5,1977,Single-family
154.75915449022656,161.1,940.6,1977,Two-family
167.90730903440775,113.1,924.0,1990,Single-family
199.5889604320685,148.2,1028.3,1991,Single-family
164.58362866530402,124.8,1335.4,1958,Single-family
253.7989132254895,150.5,1198.1,2007,Single-family
278.9824559714878,157.2,1222.4,2009,Single-family
319.4928935897702,189.1,1248.3,2008,Single-family
257.56552649944206,152.4,1343.5,2008,Single-family
226.95126643893946,136.2,829.1,2007,Single-family
194.5948556768486,131.2,1064.3,1988,Single-family
227.79758412593566,207.8,914.0,1980,Single-family
204.59373301015432,137.4,1339.4,1987,Single-family
175.41047310431114,120.4,636.6,2001,Single-family
280.83252955022186,187.1,850.6,2003,Single-family
280.1259896711283,170.7,1356.3,2006,Single-family
316.9789416316573,183.7,1173.5,2007,Single-family
147.2109633886947,93.6,1162.8,1968,Single-family
162.44296672538556,164.5,2020.4,1960,Single-family
160.38378814077512,111.8,418.0,1998,Townhouse
187.51356207431806,113.7,418.0,1999,Townhouse
91.8414068412923,91.8,148.3,1973,Townhouse
127.96699183393132,81.2,915.7,1968,Single-family
120.20738279822989,58.5,141.8,1970,Townhouse
166.2988433189294,130.4,1243.2,1969,Single-family
120.19988262338535,58.5,137.2,1970,Townhouse
145.3790479673388,124.8,142.4,1970,Townhouse
120.72170997129166,101.4,205.9,1970,Townhouse
110.99371718932987,73.9,714.3,1972,Single-family
155.01167179814414,101.3,715.8,1993,Single-family
149.62186244439937,103.1,845.4,1978,Single-family
106.40360687660163,77.4,815.6,1985,Single-family
133.71348154547363,82.0,712.4,1992,Single-family
178.9245481580736,126.5,1311.2,1993,Single-family
176.39232184276264,119.6,968.8,1992,Single-family
176.7686338863673,145.6,912.1,1977,Single-family
151.0846707117016,151.6,971.4,1969,Single-family
133.79566342507002,131.4,1024.5,1958,Single-family
229.66593397913348,196.7,1200.7,1970,Single-family
255.13546701041514,196.2,1028.8,1969,Single-family
186.34531373289107,149.0,808.4,1997,Single-family
189.96557963926503,136.6,756.1,1995,Single-family
201.48189154646613,149.0,885.7,1998,Single-family
208.9348493942333,152.2,839.9,1998,Single-family
256.51693513050856,152.0,1396.9,1996,Single-family
216.4913462088345,128.6,1313.2,1996,Single-family
227.44009105647478,134.3,2031.8,1996,Single-family
220.18185663790416,148.0,457.3,2001,Townhouse
201.9663009395356,156.2,581.9,1997,Single-family
153.51838667780154,124.2,501.2,1993,Townhouse
183.67490442100953,118.9,471.0,1992,Townhouse
220.10232233832005,149.0,1006.9,1997,Single-family
234.10458083088045,151.7,1038.9,1998,Single-family
215.50354931892593,154.0,743.2,1995,Single-family
250.46848763672912,176.0,1006.2,1994,Single-family
246.85855796331268,158.8,1306.7,1991,Single-family
148.53326050123448,114.1,433.9,1988,Townhouse
191.80538454697742,124.2,552.7,1989,Townhouse
356.5913745541503,232.2,1258.1,2005,Single-family
337.6755135337339,232.6,1040.2,2005,Single-family
309.18312521571625,175.0,1430.7,2004,Single-family
74.01807868714562,136.9,2900.1,1952,Single-family
254.02049767199873,158.8,754.1,2007,Townhouse
266.5705712179418,194.4,1908.4,1986,Single-family
218.44757339685583,156.8,1177.9,1988,Single-family
200.09904019400676,132.1,1123.1,1981,Single-family
142.92749772742758,117.0,1005.6,1983,Single-family
267.04237507905117,191.7,1724.0,1978,Single-family
185.63363070551134,165.5,1342.3,1979,Single-family
313.3363285318659,266.8,1135.8,1977,Single-family
168.30723940200627,112.5,1213.9,1976,Single-family
150.10436952477104,104.6,1450.2,1977,Single-family
211.84472369826688,189.9,966.1,1980,Single-family
144.9585483128493,121.5,905.1,1969,Single-family
339.5309734447979,263.8,1162.2,1978,Single-family
205.20096586632076,141.5,1055.4,1976,Single-family
194.5064355054492,134.1,966.1,1976,Single-family
226.65636882071368,182.4,973.5,1976,Single-family
151.74632619591503,109.4,928.9,1973,Single-family
335.529353938262,217.4,1329.4,1996,Single-family
143.25755267526665,166.5,836.0,1974,Two-family
118.4439205828881,97.9,905.7,1969,Single-family
146.17174046067282,86.9,956.3,1969,Single-family
126.97067968940324,80.3,702.3,1971,Single-family
141.97513131782839,80.3,1183.0,1972,Single-family
184.2057688291298,124.2,377.1,1998,Townhouse
102.0164707391268,91.7,156.1,1973,Townhouse
98.18986126713202,91.7,156.1,1973,Townhouse
129.75807509598286,91.7,175.6,1972,Townhouse
130.635973279781,91.7,173.6,1970,Townhouse
96.45174804035302,91.7,156.1,1971,Townhouse
102.16613368977606,91.7,156.1,1971,Townhouse
125.14134235844226,120.9,156.1,1972,Townhouse
153.97897508800096,99.3,375.6,1977,Townhouse
137.8484478714378,135.3,214.4,1975,Townhouse
114.73423663180039,98.0,234.9,1977,Townhouse
134.2471961365053,82.9,880.4,1966,Single-family
298.31733162998484,179.5,1156.0,2008,Single-family
323.921529791594,216.6,1158.8,2007,Single-family
309.16415603118384,193.6,1375.1,2007,Single-family
422.19867596618894,252.0,1388.6,2008,Single-family
230.17668465249503,147.0,1180.1,2007,Single-family
264.94973848613,158.8,1290.4,2007,Single-family
366.9447786865663,228.9,1272.0,2007,Single-family
302.86378887461797,181.1,1339.3,2007,Single-family
406.1345706932613,255.3,1246.5,2006,Single-family
361.2582205257594,259.2,1164.8,2005,Single-family
326.815080741775,216.5,1128.8,2005,Single-family
280.5285504244751,194.0,826.7,2007,Single-family
315.80385134070883,216.6,982.3,2004,Single-family
351.42889667124336,229.4,1181.6,2003,Single-family
358.0124139081762,247.8,1271.5,2003,Single-family
299.11731049949066,190.1,987.0,2003,Single-family
236.8978953570294,146.3,1007.4,2003,Single-family
397.9441230682356,246.1,1569.9,2001,Single-family
389.6114538766653,249.9,1528.2,2003,Single-family
300.83685263480936,173.3,939.2,2008,Townhouse
290.7668985649455,158.1,814.6,2008,Townhouse
253.16220760333925,127.0,1143.0,2005,Townhouse
269.6843896337143,141.0,1177.6,2003,Townhouse
268.2938726175205,156.4,822.0,2005,Townhouse
249.17912358692564,167.2,764.7,2007,Townhouse
211.24983703886062,124.7,579.7,2006,Townhouse
224.2334799443997,124.7,579.7,2006,Townhouse
183.84478680321433,151.0,227.4,2003,Townhouse
190.54043032045212,151.0,227.4,2003,Townhouse
226.54173054017227,126.2,761.5,2004,Townhouse
172.03149622668644,135.2,366.0,2003,Townhouse
218.41332739260008,146.4,366.0,2004,Townhouse
174.05513576544163,139.7,295.6,2005,Townhouse
154.39484943796666,117.6,295.6,2007,Single-family
149.99321502221113,115.7,344.6,2007,Single-family
209.08697125754128,140.7,838.3,2004,Single-family
209.7123434885355,148.0,688.8,2004,Single-family
199.146507524846,108.3,890.6,2005,Single-family
215.62855602241788,135.3,745.8,2005,Single-family
214.95877029876107,159.8,744.1,2002,Single-family
249.6501614993188,184.5,779.9,2003,Single-family
212.7532618903594,126.2,678.2,2007,Townhouse
220.03970736737796,166.5,953.2,2000,Single-family
249.59632129156816,175.8,763.6,2000,Single-family
226.32127296637387,138.4,1429.1,2004,Single-family
181.2496002625391,131.4,719.9,2002,Single-family
318.8595542301292,215.7,1157.5,1999,Single-family
192.40382313909024,153.4,779.4,1999,Single-family
279.40527694798357,204.3,897.4,1997,Single-family
303.1674451377607,244.3,854.6,1998,Single-family
295.7571770057476,204.2,1324.7,2000,Single-family
278.5845150657911,201.8,1021.8,2000,Single-family
257.00606192952677,186.3,1084.5,1998,Single-family
276.8120305288382,197.4,1020.9,1996,Single-family
341.4265719358165,232.3,1108.1,1995,Single-family
275.69487871718417,196.3,969.5,1995,Single-family
301.2902492243577,224.6,979.3,1993,Single-family
257.2882300133688,204.1,929.9,1993,Single-family
265.2685249620296,197.6,1016.6,1994,Single-family
275.7743001356348,184.6,1328.7,1994,Single-family
243.98423664710458,146.8,1108.4,2007,Single-family
301.20444748645764,179.6,1356.1,2007,Single-family
224.13980062690075,146.2,1110.7,2006,Single-family
275.4645830663826,146.6,1231.1,2006,Single-family
230.344473416349,139.9,1355.0,2008,Single-family
230.12375527298673,145.2,948.1,2007,Single-family
244.70587540036715,132.7,1140.2,2008,Single-family
248.43079492380508,172.9,910.5,2007,Single-family
273.645502750884,174.1,875.8,2007,Single-family
197.82933294739172,135.6,932.4,2006,Single-family
192.2465713928177,127.5,802.6,2007,Single-family
168.1117041239037,127.5,802.6,2007,Single-family
242.5012646579514,132.7,1081.2,2007,Single-family
227.73934935395167,164.2,910.6,2005,Single-family
250.222174515997,185.0,870.9,2003,Single-family
283.14072580588515,181.9,987.0,2005,Single-family
295.8019105756237,193.0,1003.3,2007,Single-family
242.2500747527237,154.7,754.8,2007,Single-family
254.3359889580454,154.2,987.0,2007,Single-family
194.9188786381969,113.1,696.7,2007,Single-family
222.41768745603795,160.5,816.6,2003,Single-family
164.03829411006993,100.3,696.7,2004,Single-family
247.4668392595835,157.5,939.2,2003,Single-family
260.3535409350033,154.5,1186.6,2003,Single-family
217.16637178239742,109.2,1214.3,2005,Single-family
185.1008477365802,103.5,1272.2,2004,Single-family
178.30286392116574,103.5,1272.2,2003,Single-family
201.03033280392526,152.3,777.2,2004,Single-family
181.05990781140807,107.9,860.2,2007,Single-family
199.80026119009872,149.5,785.2,1995,Single-family
186.37532112378832,156.1,787.7,1993,Single-family
200.3794728425789,156.0,754.8,1994,Single-family
246.97834847526443,153.9,1353.0,1994,Single-family
233.06812332299825,155.8,785.0,2001,Single-family
197.19023875373077,161.4,769.6,1992,Single-family
168.59655199218975,120.2,664.5,1991,Single-family
193.74831393908747,158.8,863.1,1993,Single-family
218.0759706023897,150.2,744.3,1993,Townhouse
195.05987176500128,111.4,733.1,1993,Townhouse
111.035977784614,91.4,845.3,1963,Single-family
111.34938449793286,84.7,1204.6,1962,Single-family
113.27477694019191,80.3,752.4,1961,Single-family
73.06006142806237,82.7,785.0,1968,Two-family
104.40322740000819,80.3,590.8,1963,Single-family
104.42736926709257,84.7,628.7,1961,Single-family
188.61413704660427,132.8,1812.2,1974,Single-family
194.77449873868235,152.4,999.4,1972,Single-family
303.8421307908057,249.2,855.1,1990,Single-family
331.70706446949805,258.8,1024.2,1993,Single-family
210.25863738071538,129.2,397.8,2004,Townhouse
188.48919851113374,116.1,373.2,2006,Townhouse
163.19396174367753,115.7,319.1,2004,Townhouse
174.87404615361154,111.5,295.4,2005,Townhouse
179.4571639900306,129.3,295.4,2007,Townhouse
155.31009697412833,129.3,334.8,2007,Townhouse
159.00695739604384,139.4,211.8,1999,Townhouse
170.888524898356,143.9,211.8,1999,Townhouse
205.1584062719138,152.2,442.6,2000,Townhouse
163.95780099315158,121.7,421.6,2001,Townhouse
188.1194199585945,131.8,407.3,2001,Townhouse
203.7954963160664,144.6,381.7,1999,Townhouse
202.43317548786845,158.8,475.5,1999,Townhouse
160.27745850526753,116.3,200.7,1999,Townhouse
135.40153433589052,130.4,200.7,1999,Townhouse
252.93579249681372,166.2,988.9,2001,Single-family
174.77793935192344,147.3,245.7,1999,Townhouse
164.64114118776658,149.3,245.7,1999,Townhouse
276.97205901119617,222.3,367.0,1998,Townhouse
242.33384264499435,119.6,1390.0,1996,Townhouse
230.93970260550648,115.1,1027.8,1995,Townhouse
261.53448872734896,159.7,1007.5,1993,Townhouse
172.31212826140796,114.4,1033.0,1984,Single-family
383.3910394919653,273.5,2282.6,1977,Single-family
216.79214210834664,155.2,1512.3,1976,Single-family
222.9689661355034,168.3,696.7,2002,Single-family
172.64872755404784,156.2,966.1,1970,Single-family
161.25301559199133,132.6,1031.5,1969,Single-family
168.7039618565811,161.6,1026.5,1968,Single-family
152.61812759015197,116.9,1025.5,1971,Single-family
196.84317910484663,150.5,1429.4,1967,Single-family
141.89866409149167,151.0,905.7,1965,Two-family
284.8290048036856,242.8,1003.3,1974,Single-family
150.06516472154385,136.0,818.8,1968,Single-family
117.35042287374125,84.7,824.2,1965,Single-family
115.21848429029251,85.9,754.8,1965,Single-family
183.6489090897322,160.5,1028.5,1965,Two-family
143.91967560161507,160.5,1217.0,1965,Two-family
179.14176845169416,153.8,858.9,1973,Two-family
184.59362789086273,155.1,1240.6,1971,Single-family
267.8151465365691,252.2,832.6,1976,Single-family
199.62840272864588,174.3,847.2,1974,Single-family
175.04778498911912,151.6,848.1,1966,Single-family
127.12230099442606,92.8,1126.1,1961,Single-family
204.09706526861325,183.7,919.7,1968,Single-family
133.9870871431569,94.2,723.2,1956,Single-family
149.9358482975009,84.3,798.2,1957,Single-family
118.79117666210178,88.4,787.3,1956,Single-family
138.1517882784521,104.8,808.2,1963,Single-family
153.28753492771776,132.4,945.2,1964,Single-family
158.5102851486694,108.2,837.9,1966,Single-family
130.20360918481612,105.5,854.6,1965,Single-family
131.92484793799085,101.4,766.4,1964,Single-family
125.4374218477925,117.5,868.6,1965,Single-family
104.665061068218,125.4,837.9,1964,Single-family
163.79671981267288,103.5,919.7,1961,Single-family
141.03107438883677,97.8,929.6,1959,Single-family
153.90492006072344,116.3,995.9,1959,Single-family
120.71383616287471,102.2,1160.5,1960,Single-family
109.450287958231,103.9,1052.7,1960,Single-family
90.15532943600812,66.9,615.6,1949,Single-family
86.57724947216118,67.7,383.7,1935,Single-family
92.18363276783663,100.0,689.3,1939,Two-family
92.58947823611223,84.2,453.5,1937,Single-family
172.3764117321661,139.0,891.8,1960,Single-family
135.60327928348204,116.3,891.8,1950,Single-family
140.09519986665396,124.2,891.8,1950,Single-family
177.40575759820302,154.3,891.8,1955,Single-family
102.3576818395389,96.2,704.5,1953,Single-family
207.964469960934,169.1,1272.6,1965,Single-family
139.41148177900908,126.5,947.2,1961,Single-family
113.65122703525941,106.3,731.5,1961,Single-family
173.9629101225932,142.8,780.3,1962,Single-family
164.73470825540034,132.9,850.0,1962,Single-family
231.09603947828091,184.7,1362.8,1966,Single-family
134.8512250474424,102.0,686.5,1955,Single-family
136.5686998792003,106.3,855.0,1963,Single-family
152.00090371078548,119.2,721.1,1962,Single-family
114.75550717461456,109.2,822.7,1957,Single-family
147.65693784273716,133.8,914.1,1959,Single-family
139.90726577483306,117.1,847.2,1958,Single-family
155.45596693218545,145.8,1226.2,1958,Single-family
118.53265949611902,111.1,836.0,1956,Single-family
133.73307206143085,129.3,1105.4,1957,Single-family
134.6404481960526,100.3,879.1,1958,Single-family
120.92041441476054,102.6,968.4,1956,Single-family
118.02708798689957,81.9,1073.5,1952,Single-family
133.3698525857336,107.0,870.7,1953,Single-family
117.36716432885534,88.2,1186.6,1953,Single-family
191.23204493004815,166.3,1323.7,1957,Single-family
108.75345311717764,88.4,682.8,1951,Single-family
106.70022110291085,71.8,713.1,1953,Single-family
184.7864964802261,163.9,821.0,1957,Single-family
106.59500653880073,113.0,787.7,1947,Single-family
160.8457607617659,169.4,1155.2,1957,Two-family
92.10494257237548,80.7,940.3,1948,Single-family
135.10143002153828,107.7,697.3,1925,Single-family
124.24687917525887,144.7,1015.3,1945,Single-family
90.45023995749595,62.4,501.6,1940,Single-family
129.18649627269198,133.4,1006.6,1922,Single-family
97.09774285476645,120.2,1003.3,1900,Two-family
179.68141734425916,159.4,859.0,1962,Single-family
139.98406122633455,97.0,945.7,1968,Single-family
131.60211254717868,121.9,1054.8,1958,Single-family
148.8126900558936,116.4,1014.4,1960,Single-family
138.1060780550587,100.4,1201.0,1960,Single-family
197.63230566625512,192.2,2568.5,1960,Single-family
89.24726677006154,84.5,826.0,1953,Single-family
114.4191183431567,81.4,668.8,1951,Single-family
120.45802650226227,97.4,668.8,1950,Single-family
152.5789457176244,140.0,734.8,1960,Single-family
121.6714838001278,116.7,743.2,1959,Single-family
136.2606645300822,95.4,743.2,1962,Single-family
181.39572268708835,117.9,736.7,1960,Single-family
129.18676487593123,122.6,749.1,1948,Single-family
112.55109161829883,91.4,593.6,1954,Single-family
89.5249071438792,77.3,671.3,1954,Single-family
111.27738823839935,118.7,668.8,1954,Single-family
166.92482910243888,167.2,790.8,1961,Two-family
174.77191941285602,147.5,668.8,1955,Single-family
97.43224742478812,76.6,668.8,1954,Single-family
150.66963597503764,166.8,655.5,1963,Single-family
152.66349176921364,149.7,906.6,1964,Single-family
112.93652002571892,103.8,705.1,1963,Single-family
191.21765737646365,105.2,913.7,2008,Single-family
75.65056297673895,71.0,486.0,1925,Single-family
130.06902263448782,143.0,969.8,1904,Single-family
145.76482900066253,122.9,853.1,1948,Single-family
108.39174131239838,126.3,445.9,1910,Single-family
202.94048415850014,259.4,969.8,1920,Single-family
67.6138027881241,62.4,445.9,1940,Single-family
133.81854338167258,135.3,557.4,1915,Single-family
99.94224134282345,148.1,1061.4,1910,Two-family
284.1225578264739,193.4,1061.4,2003,Single-family
152.88597516543845,153.8,708.6,1940,Single-family
142.596114352059,161.6,678.9,1920,Single-family
106.66665023224252,95.4,501.6,1920,Single-family
116.03475575236729,133.4,1003.3,1940,Two-family
95.91136009755417,83.5,627.6,1910,Single-family
116.41046450367134,100.3,549.4,1890,Single-family
86.40874705947755,73.3,557.4,1948,Single-family
84.25541504498284,104.2,1114.7,1948,Single-family
133.59314895941048,139.2,836.0,1946,Single-family
82.78638263995427,37.8,679.1,1946,Single-family
99.72585757104395,86.2,557.4,1957,Single-family
96.9876389613513,83.7,557.4,1954,Single-family
163.16884967651413,147.5,1133.8,1949,Single-family
285.64882016175676,324.5,1707.9,1880,Single-family
137.56014718283353,151.1,849.2,1900,Two-family
138.5636446749106,131.5,1176.5,1915,Single-family
125.6440912560987,134.7,497.0,1920,Single-family
97.74823190523037,124.8,424.6,1916,Single-family
128.79346000930192,94.5,849.3,1900,Single-family
155.62844849260824,218.3,891.8,1920,Two-family
158.3402423232709,191.2,891.8,1917,Single-family
98.23420104363265,143.1,557.4,1905,Single-family
109.40051799004607,128.0,891.8,1928,Single-family
136.2450888456845,177.6,1003.3,1905,Two-family
119.94091115729432,137.9,585.2,1914,Single-family
151.53467768101436,219.0,487.7,1872,Single-family
93.91140158430741,103.2,529.5,1926,Single-family
216.9419831669429,257.8,1254.1,1893,Single-family
127.92460813347007,100.9,1053.4,1920,Single-family
214.72289119886148,231.8,1003.3,1890,Single-family
120.04572898017513,91.4,905.7,1959,Single-family
178.21647090320667,166.7,1128.7,1954,Single-family
120.88186019483443,81.9,1179.9,1956,Single-family
139.16922997101327,101.5,791.1,1958,Single-family
145.62177614993462,106.2,660.6,1928,Single-family
148.8788805621144,154.9,689.7,1945,Single-family
87.70884587638481,86.9,845.3,1930,Single-family
136.98695916382556,161.4,651.2,1935,Single-family
81.52813536779165,72.8,569.4,1924,Single-family
88.57593898038246,112.4,464.5,1941,Single-family
148.3191889687692,119.8,545.3,1900,Single-family
123.45811442864796,155.3,557.4,1940,Single-family
91.36899507312215,88.2,557.4,1924,Single-family
127.30757497031797,107.6,557.4,1929,Single-family
121.07210795108787,139.1,557.4,1937,Single-family
97.00254658055184,124.7,557.4,1939,Single-family
99.51737661656881,94.1,464.5,1926,Single-family
87.24682767149831,113.0,512.8,1920,Single-family
84.63524644125178,83.2,551.8,1946,Single-family
110.15470602288147,105.5,579.7,1929,Single-family
56.97605758812249,75.1,568.5,1945,Single-family
133.96118515569353,146.1,579.7,1930,Single-family
150.99707265039535,186.6,579.7,1939,Single-family
147.44580062205426,176.7,568.5,1923,Single-family
125.40199341140624,164.8,568.5,1931,Single-family
121.90716966812278,126.5,571.8,1920,Single-family
77.51872522003161,48.3,587.5,1927,Single-family
114.2471146326007,119.4,802.1,1948,Single-family
166.44500539210256,171.7,1212.5,1923,Single-family
150.2576928506283,169.1,847.2,1925,Single-family
143.15349464340406,159.4,849.4,1915,Single-family
158.87262191114232,139.8,849.4,1940,Single-family
106.19652105607203,77.8,953.7,1918,Single-family
128.2541603587206,184.3,751.9,1910,Two-family
123.96538373074361,154.8,473.8,1925,Single-family
116.53785736975489,149.5,403.8,1910,Single-family
102.96330215724981,71.3,584.4,1930,Single-family
126.95966303193391,142.7,953.6,1952,Single-family
141.29852190625184,182.9,638.7,1938,Single-family
145.7509658995151,121.5,958.7,1915,Single-family
104.71407898686672,96.6,668.8,1925,Single-family
125.26302669760508,114.8,650.8,1925,Single-family
132.3909724842191,130.6,735.7,1920,Single-family
60.158924528043286,76.6,765.0,1955,Single-family
88.60928445074147,111.3,518.9,1920,Single-family
100.63278986104714,70.5,958.7,1912,Single-family
92.22829084669782,124.8,958.7,1915,Two-family
131.08391296351638,136.5,958.7,1906,Single-family
111.84184636564983,97.9,881.4,1947,Single-family
123.36159282316171,112.5,766.4,1968,Single-family
115.7262994990578,118.1,1977.3,1948,Single-family
149.43420732542833,147.5,1590.3,1959,Single-family
134.68851091946576,125.9,938.8,1940,Two-family
154.29279419858736,99.9,1043.7,1963,Single-family
145.66625642545702,96.6,1040.4,1965,Single-family
152.71668643445963,101.8,1208.9,1978,Single-family
97.180152810066,84.0,665.3,1966,Single-family
165.042800392664,92.2,953.6,1967,Single-family
106.54311162223757,83.0,907.0,1967,Single-family
152.07961699185404,96.1,715.6,1978,Single-family
137.61168590382414,99.7,927.2,1967,Single-family
127.67955178872468,104.6,687.4,1984,Single-family
116.1242535973843,116.9,1198.3,1969,Two-family
88.13815669427295,105.9,1198.3,1920,Two-family
110.36751095206228,93.5,836.0,1959,Single-family
115.07322097633264,114.1,793.7,1966,Single-family
126.67864476654216,89.2,858.2,1963,Single-family
126.22522447510278,110.4,1316.8,1956,Single-family
163.801535898138,128.5,1234.0,1954,Single-family
145.22857660982223,116.3,1254.1,1960,Single-family
177.0524475802585,148.7,1284.3,1958,Single-family
101.21353136969914,62.4,947.5,1940,Single-family
168.98344964244973,159.9,978.4,1960,Single-family
125.84890753699648,125.4,778.0,1941,Single-family
127.44680283591956,84.0,947.5,1970,Single-family
164.84188570901313,119.9,268.2,1996,Single-family
200.23458458034492,187.8,929.4,1977,Single-family
189.13098120709355,141.6,1883.0,1979,Single-family
144.82820115206792,126.1,1069.4,1959,Single-family
81.8629277100595,100.2,482.1,1948,Single-family
105.70110617978989,101.6,970.9,1953,Single-family
124.74329357092626,141.0,1816.1,1940,Single-family
137.11404583736535,155.5,2023.2,1918,Single-family
185.17024498515548,195.8,1275.2,1935,Single-family
153.28594973350505,140.2,889.1,1956,Single-family
73.8116415894652,80.3,868.6,1975,Two-family
125.55139057167187,117.9,869.5,1962,Single-family
145.40839517141504,127.0,780.8,1900,Single-family
104.55751457475257,125.1,650.3,1910,Two-family
77.34680201329788,108.1,1010.7,1950,Two-family
129.59748499886055,101.8,891.8,1924,Single-family
109.3635869971415,103.2,843.8,1941,Single-family
271.25750690220684,216.4,1099.8,1990,Single-family
345.19714530653664,261.4,907.7,1995,Single-family
224.88173980243826,151.0,923.2,1994,Single-family
257.8155811415109,204.4,1316.4,1993,Single-family
272.5328967668799,189.2,979.2,1996,Single-family
206.4458038695416,126.0,986.2,2007,Single-family
222.9509998588905,150.0,868.1,2007,Single-family
317.8187347906173,211.4,1094.1,2008,Single-family
281.2977870444003,164.1,1094.1,2008,Single-family
283.29984111960164,194.8,1043.0,1993,Single-family
215.79360692268813,140.4,1064.0,1995,Single-family
190.6822473974009,152.6,1068.3,1966,Single-family
270.8050414833542,156.8,1188.9,1997,Single-family
154.6648883822808,92.0,905.7,1994,Single-family
148.94825431750704,102.1,884.8,1995,Single-family
160.49858832385178,92.0,858.8,1994,Single-family
199.70507031742483,131.7,807.8,1997,Single-family
246.98376638487156,164.5,1220.8,1997,Single-family
214.7520746754066,153.5,835.9,2000,Single-family
262.22230034086203,166.3,852.7,1999,Single-family
216.05844734241896,160.1,829.0,1998,Single-family
189.26111937166613,137.4,871.5,1999,Single-family
188.27758613432803,138.8,1189.3,2002,Single-family
268.64912992288197,166.5,1155.1,2001,Single-family
275.1948748153998,169.3,1132.6,2000,Single-family
231.0264211024094,165.9,1045.1,2001,Single-family
135.814327335584,87.1,854.6,1975,Single-family
123.63016751407858,91.5,778.9,1977,Single-family
158.7575460255412,109.1,1138.0,1978,Single-family
133.58600280266234,95.3,1019.0,1978,Single-family
136.45082215135582,100.0,856.1,1975,Single-family
206.26055569264025,144.7,1331.2,1975,Single-family
113.69481892013766,85.8,742.2,1975,Single-family
101.59057461478247,80.3,667.0,1972,Single-family
92.11469719317957,72.5,668.8,1972,Single-family
257.9534284687096,166.7,905.0,2002,Single-family
250.32795672579016,188.7,880.0,2002,Single-family
257.627652175176,173.2,958.3,2000,Single-family
263.42859176581965,200.7,966.1,2001,Single-family
203.44551733970133,172.0,842.2,1999,Single-family
260.9605863231017,188.7,1059.4,1998,Single-family
286.02852513581564,210.2,858.3,2001,Single-family
270.43052806728,180.9,902.9,2001,Single-family
281.74716970033154,165.9,1380.4,2002,Single-family
310.6079135269931,212.7,1045.1,2002,Single-family
190.4440660927347,164.2,757.8,2003,Single-family
316.7435353628762,216.2,1013.0,2003,Single-family
185.89793531719337,152.3,671.3,2003,Single-family
234.74741846875824,163.9,1085.9,1999,Single-family
255.14972918306026,177.2,812.8,1994,Single-family
172.5405882252958,78.8,412.0,2003,Townhouse
142.64985608273486,78.8,411.1,2004,Townhouse
215.17128666596912,138.7,1219.2,1997,Single-family
221.77365666083114,170.7,940.6,1997,Two-family
209.84595155313428,142.7,848.6,2002,Single-family
221.64401454560246,158.8,785.0,2003,Single-family
194.62353285950655,134.2,905.7,2004,Single-family
209.8116334279543,133.4,785.0,2004,Single-family
224.05990934107047,147.0,772.9,2004,Single-family
192.30358301920023,114.6,1026.4,2007,Single-family
206.9490440947161,145.3,1027.2,2007,Single-family
235.49737010798233,126.4,894.3,2007,Single-family
193.14702950671884,135.3,761.6,2005,Single-family
165.1932757307311,78.8,411.1,2004,Townhouse
146.18022305809987,78.8,411.1,2004,Townhouse
147.93809203225825,78.8,412.3,2004,Townhouse
173.4047235684875,78.8,412.3,2004,Townhouse
106.8547287357188,73.9,815.3,1910,Single-family
145.6345406280964,204.4,815.3,1900,Two-family
144.09738962554894,101.4,912.7,1966,Single-family
135.1745464865062,116.7,923.1,1965,Single-family
148.5045068381789,96.0,1124.2,1976,Single-family
138.50727224870693,104.7,603.8,1976,Single-family
134.96454353030262,92.5,1291.9,1940,Single-family
140.65820515067585,109.7,930.1,1972,Single-family
207.28602760071595,153.8,643.8,2003,Single-family
129.80142774227633,103.8,895.3,1977,Single-family
160.68870507374197,129.9,668.8,1976,Single-family
169.37006897746548,105.2,652.5,2005,Single-family
148.76254826556854,99.6,341.4,2005,Townhouse
77.39775739885542,107.0,561.1,1955,Two-family
80.75829072524755,107.0,558.5,1955,Two-family
117.4319122160513,133.8,1124.8,1955,Two-family
76.41757308892984,107.0,635.9,1955,Two-family
45.970192059430424,72.8,643.8,1955,Two-family
120.96363538354234,97.8,1131.4,1938,Single-family
110.72879828003056,105.6,747.8,1947,Single-family
127.36090645546355,86.4,884.4,1953,Single-family
129.5481527876376,111.5,1093.1,1946,Single-family
152.1038806894493,136.6,759.1,1954,Single-family
137.91805919039695,129.4,1529.6,1955,Single-family
127.6704439679051,111.8,714.5,1954,Single-family
117.99484828698931,120.0,477.7,1923,Single-family
109.15720748138602,80.3,520.6,1925,Single-family
106.48603576687472,80.3,766.2,1914,Single-family
83.44449960404305,159.4,528.3,1912,Two-family
165.91773463495517,137.7,1129.1,1925,Single-family
171.7076543194647,203.6,780.3,1939,Single-family
121.90494568541071,157.4,780.3,1925,Single-family
119.73319472948825,132.3,677.2,1921,Single-family
155.99298743141614,182.4,791.9,1911,Single-family
187.77241958879983,241.6,914.3,1921,Single-family
127.10470228403639,178.4,724.9,1930,Two-family
138.49018286485233,122.2,833.2,1926,Single-family
206.22280053462111,237.3,1070.7,1922,Single-family
168.25712682566424,156.1,1446.9,1915,Single-family
124.936040171571,117.4,1445.8,1914,Single-family
90.27701861523666,73.4,584.5,1930,Single-family
151.6089460868394,140.5,706.8,1925,Single-family
159.3910749887433,152.3,973.5,1936,Single-family
142.26331610454935,148.9,896.4,1923,Single-family
99.27202023356007,139.5,668.8,1931,Single-family
134.58851598387238,154.2,1113.6,1934,Single-family
150.10516080850854,180.0,1086.9,1937,Single-family
130.55876125375462,127.6,860.2,1938,Single-family
115.22733644406583,101.3,724.7,1951,Single-family
166.20306231631147,174.0,898.3,1935,Single-family
335.0623336836376,320.2,1309.8,1935,Single-family
166.18958634949587,181.5,1454.7,1939,Single-family
187.98301576099448,200.7,1151.1,1950,Single-family
172.6712402835134,176.3,2422.0,1956,Single-family
182.56024820001167,152.3,1372.8,1954,Single-family
126.83312142187542,95.9,174.5,1980,Townhouse
133.4295239240697,144.5,181.1,1980,Townhouse
93.9405076969493,85.4,650.3,1926,Single-family
110.19930822547411,101.3,557.4,1940,Single-family
90.99047154331657,73.9,337.8,1922,Single-family
111.71551554679122,75.8,547.1,1930,Single-family
85.01256102185235,72.3,641.0,1940,Single-family
115.55437253966794,111.5,757.6,1930,Single-family
132.79067222187547,153.8,557.4,1967,Single-family
121.63611034013515,84.7,686.7,1930,Single-family
196.3201861025998,181.6,836.0,1958,Single-family
111.14280806783111,68.1,1354.8,1952,Single-family
138.28727899074937,126.4,490.5,1895,Single-family
144.5999633109064,122.3,789.6,1920,Single-family
129.6848116896559,97.4,478.4,1910,Single-family
123.68358494543529,83.0,1672.1,1935,Single-family
98.7430934831567,80.3,836.0,1920,Single-family
225.001581243428,153.5,519.0,2008,Townhouse
235.16804517110586,153.1,357.0,2007,Townhouse
203.7556271999548,152.9,354.0,2004,Townhouse
184.08084186929653,152.9,356.9,2004,Townhouse
293.89132081298897,188.8,2204.4,1996,Single-family
268.252781972308,156.9,1232.2,2002,Single-family
235.13088195409395,169.1,1026.5,1996,Single-family
157.1635003157324,103.9,917.8,1977,Single-family
163.37223592433716,118.8,940.6,1977,Single-family
158.44522701582866,173.9,953.1,1976,Two-family
219.973843038945,156.9,928.0,1991,Single-family
175.66625754897967,139.4,379.4,1986,Townhouse
341.173998423509,269.2,1439.7,1976,Single-family
215.04599450473833,142.8,1074.1,2006,Single-family
260.21887677829983,152.9,884.4,2007,Single-family
258.4999045424059,165.4,1193.9,2007,Single-family
185.9708081906303,134.0,910.5,2006,Single-family
223.92151247021366,129.5,904.3,2006,Single-family
244.36031338159543,149.7,1116.4,2008,Single-family
224.18548992198248,138.9,1197.4,1989,Single-family
212.97311754019103,153.4,1153.4,1986,Single-family
183.87003021598426,116.7,1696.7,1986,Single-family
202.1818962166399,140.2,947.5,1988,Single-family
220.4601904101179,133.8,1040.6,2003,Single-family
212.54498890486096,155.6,735.3,1999,Single-family
330.32456253635957,210.1,1137.4,2003,Single-family
244.42508850609482,160.5,1063.5,2007,Single-family
287.42047714691824,182.4,1063.4,2005,Single-family
162.01990407265583,124.8,830.5,1997,Two-family
120.64150320126737,124.8,655.8,1997,Two-family
199.58680224681237,101.4,861.9,2007,Single-family
185.09356869379585,110.5,418.0,1997,Townhouse
171.77736231534016,111.5,1313.2,1964,Single-family
132.65437252899858,96.6,392.4,1975,Townhouse
123.31617146244244,121.1,247.6,1976,Townhouse
194.51949329841761,137.0,247.6,1976,Townhouse
101.81835761683395,91.8,183.4,1973,Townhouse
101.78758846694382,91.8,148.3,1973,Townhouse
156.16637310066412,107.8,1670.1,1968,Single-family
108.29034862834135,101.4,137.2,1970,Townhouse
109.09250364003077,58.5,175.6,1972,Townhouse
81.4087881356827,91.8,2020.4,1954,Single-family
90.2826639094759,75.8,602.9,1983,Single-family
117.54954837610218,85.7,645.7,1984,Single-family
125.52742556219937,75.8,613.1,1982,Single-family
114.93816574746012,75.8,613.1,1982,Single-family
135.05907009486785,78.5,613.1,1982,Single-family
163.09886448788043,162.6,1161.9,1940,Single-family
146.15629208634192,82.6,1151.4,1984,Single-family
196.2742616384198,182.8,1028.8,1969,Single-family
156.3846335197385,147.4,990.9,1971,Single-family
134.71021820161195,118.6,987.3,1970,Single-family
243.3342730936467,206.5,1268.1,1973,Single-family
288.2789573431643,205.9,1473.8,1970,Single-family
236.28620245042973,161.0,1151.3,2003,Single-family
198.60788630017134,146.0,962.8,1995,Single-family
242.441777155391,136.6,1288.3,1997,Single-family
197.30622191364753,148.6,815.0,1997,Single-family
197.92894646729343,128.6,824.2,1997,Single-family
185.74326497952492,153.5,495.1,2000,Townhouse
205.59162616167757,157.4,942.6,1994,Single-family
227.90568226717772,159.2,802.3,1999,Single-family
169.27867712144229,144.3,731.5,1996,Single-family
171.28364717712984,116.4,731.5,1995,Single-family
265.839240538899,213.6,696.7,1999,Single-family
160.32244478936607,110.3,887.7,1992,Single-family
193.96320530242892,136.7,1001.8,1991,Single-family
201.51296484965044,137.7,847.7,1992,Single-family
194.5793853826237,152.5,711.1,1993,Single-family
154.29836363463724,104.8,1687.0,1964,Single-family
158.99180105604586,101.1,343.3,1986,Townhouse
247.4508944723678,194.1,470.2,1984,Townhouse
157.1906913377173,109.5,440.3,1988,Townhouse
180.8820577237863,122.7,475.4,1990,Townhouse
275.02249288586705,178.5,1315.1,2005,Single-family
362.71670319799756,236.0,1145.2,2005,Single-family
241.4415340951316,149.7,746.4,2006,Townhouse
213.40464711502088,131.8,751.4,2007,Single-family
326.8105783002533,207.5,1308.1,2006,Single-family
303.57221088565575,189.7,1288.4,2006,Single-family
190.69491586444354,133.8,1165.4,1981,Single-family
160.73323255593453,119.3,1018.1,1984,Single-family
220.49977980468202,173.5,1123.1,1984,Single-family
179.71222612532245,137.4,1123.1,1981,Single-family
194.10912948561304,154.6,1142.5,1978,Single-family
232.87388508919034,179.3,1053.3,1979,Single-family
221.63239962076534,182.9,1110.3,1977,Single-family
223.58734420118506,188.6,1119.0,1976,Single-family
154.62686423878375,95.9,965.6,1978,Single-family
176.24449730504517,109.3,1100.8,1984,Single-family
203.46412382656573,160.2,1076.1,1979,Single-family
205.13425701827555,125.7,966.1,1979,Single-family
163.19237343548915,150.5,1002.6,1969,Single-family
180.21256416383298,113.3,1207.7,1971,Single-family
180.07932587170302,137.9,1137.3,1971,Single-family
207.13050610883258,161.9,1086.9,1968,Single-family
220.2215465811366,179.7,1150.4,1976,Single-family
172.81254381693464,123.0,835.2,1976,Single-family
173.19085774307658,174.4,743.2,1974,Single-family
152.90586429150267,103.0,975.4,1971,Single-family
135.90289853290142,91.1,978.2,1971,Single-family
166.05048222954207,137.4,694.1,1972,Single-family
150.8986957807951,132.1,878.5,1970,Single-family
123.92581188012868,84.9,735.7,1970,Single-family
115.83127273368771,88.2,906.5,1971,Single-family
112.0584451748985,81.0,770.5,1971,Single-family
108.83014097079833,79.7,681.8,1971,Single-family
109.96058789498989,84.9,1597.7,1961,Single-family
112.24463527993596,80.3,836.0,1971,Single-family
126.31839441765676,71.2,377.0,1998,Townhouse
183.77010896727828,124.2,382.1,2001,Townhouse
250.93542386251724,124.2,1016.5,1997,Townhouse
165.7011016261396,101.4,204.8,1973,Townhouse
113.09397859318513,113.1,175.6,1973,Townhouse
115.91630236670325,113.1,191.2,1973,Townhouse
133.38946078517088,120.9,187.3,1970,Townhouse
138.4853974112973,126.8,178.4,1971,Townhouse
121.32440571446564,89.0,457.8,1976,Townhouse
113.95911484833499,143.8,214.4,1976,Townhouse
129.9784860092761,98.0,214.0,1978,Townhouse
135.49140034979038,91.8,664.2,1966,Single-family
292.8371426040261,168.7,1158.3,2006,Single-family
270.16063916047347,169.8,1086.3,2007,Single-family
278.62742972159435,157.4,1117.5,2007,Single-family
251.87898586148452,157.4,1098.5,2006,Single-family
241.53686250944895,161.1,1122.6,2007,Single-family
319.00894692930683,197.1,1331.4,2007,Single-family
334.532380335136,197.0,1342.3,2006,Single-family
386.51911927450396,246.7,1267.2,2007,Single-family
357.9788687523255,236.9,1248.5,2006,Single-family
313.109006080877,190.1,1433.4,2005,Single-family
328.76363111623465,201.8,1314.8,2006,Single-family
375.08382444247854,237.1,1290.4,2007,Single-family
304.2667403775718,183.3,1321.5,2006,Single-family
386.163987993687,245.5,1272.0,2006,Single-family
261.68667258669956,151.8,1061.6,2006,Single-family
305.8932683238543,183.6,1391.3,2006,Single-family
390.2629870184805,256.2,1268.4,2005,Single-family
362.9514778787679,212.7,1594.9,2007,Single-family
345.51938458440446,199.9,1547.5,2007,Single-family
290.98426862805945,229.7,890.9,2004,Single-family
301.76831185560275,195.1,901.9,2007,Single-family
324.05227570711946,200.7,981.1,2007,Single-family
276.7188406382132,167.4,1264.8,2006,Single-family
419.9025058183627,274.6,1214.0,2004,Single-family
328.9515007929667,229.3,1123.9,2004,Single-family
353.6816288823456,221.6,1326.2,2003,Single-family
312.58145257910695,220.5,1114.6,2003,Single-family
277.4282746223445,168.9,1167.5,2007,Single-family
240.5155415765912,149.9,922.1,2005,Single-family
225.72466689060872,159.9,859.6,2005,Single-family
244.92767672345323,169.8,996.9,2006,Single-family
219.24843121311218,126.5,703.9,2005,Townhouse
178.94047661502046,120.9,362.4,2005,Townhouse
182.57004880765206,120.9,362.6,2005,Townhouse
197.53619839027667,126.5,584.2,2005,Townhouse
231.27702814264703,144.4,426.4,2006,Townhouse
210.97815118181728,144.4,426.4,2006,Townhouse
224.36052892640706,127.3,598.4,2006,Townhouse
221.02829002025354,146.5,728.4,2005,Townhouse
230.73935060550497,145.0,679.3,2005,Townhouse
300.4113070928299,173.6,726.4,2007,Townhouse
199.11597371379983,123.0,579.7,2006,Townhouse
188.94975470943496,130.5,301.2,2003,Townhouse
282.4301140262778,139.0,1468.7,2007,Single-family
226.29449304265708,142.7,951.0,2005,Single-family
243.8418489484488,137.9,951.0,2005,Single-family
222.45546817686576,135.4,1226.6,2006,Single-family
207.74007919207202,138.9,822.8,2006,Single-family
244.76887889349385,162.2,903.8,2006,Single-family
207.84011576119735,123.2,1134.8,2005,Single-family
219.49892796712828,135.3,837.7,2007,Single-family
173.28665278218864,120.9,835.4,2007,Single-family
186.90614071094072,124.5,826.7,2007,Single-family
224.3236033388663,131.2,789.5,2006,Single-family
214.67145570128125,139.7,764.4,2007,Single-family
211.85262940385783,135.3,716.5,2007,Single-family
212.40780906139784,116.9,715.0,2007,Single-family
159.87531274207157,116.9,364.3,2006,Townhouse
151.62502386304334,130.2,364.3,2006,Townhouse
228.50560424374194,147.6,336.4,2003,Townhouse
132.72210884494197,117.6,344.6,2007,Single-family
245.89583910616557,142.1,1353.7,2004,Single-family
177.41317662399612,103.9,1506.6,2004,Single-family
174.9048553815225,127.6,1029.6,2004,Single-family
277.38626508232437,182.0,1095.8,2004,Single-family
238.3555677878695,141.7,1015.9,2006,Single-family
214.61956903772176,159.8,765.8,2004,Single-family
179.4496382018117,129.5,1110.1,2003,Single-family
247.83974897945868,181.0,731.5,2003,Single-family
243.43720364795456,157.0,749.0,2000,Single-family
227.66391637332015,185.3,811.9,2002,Single-family
219.5077119697524,153.0,735.4,1999,Single-family
208.91823977731326,132.8,925.9,2000,Single-family
157.82569309379622,122.6,719.9,2003,Single-family
241.15542515986192,157.0,881.3,2000,Single-family
223.63173134964228,152.7,896.3,1999,Single-family
330.6343611690693,237.0,1132.5,1997,Single-family
318.5387215484534,212.3,1021.8,2000,Single-family
346.0498705861854,244.6,1059.0,2001,Single-family
401.8328098357793,285.9,980.7,1998,Single-family
367.622400997813,239.9,1022.0,1998,Single-family
307.33458612207176,221.6,1002.3,1998,Single-family
259.6649393876159,187.0,921.5,1996,Single-family
300.799069860493,222.8,1094.9,1996,Single-family
327.2490835090514,234.1,924.3,1995,Single-family
307.7869054103879,235.1,1138.6,1995,Single-family
400.91998524233827,299.9,1179.0,1992,Single-family
277.78644491603217,204.6,1092.6,1992,Single-family
296.79196321154365,235.8,840.1,1996,Single-family
201.42961415831198,127.2,920.6,2007,Single-family
253.62536970573132,143.2,1098.9,2007,Single-family
271.8900295438501,177.0,1084.1,2006,Single-family
213.64763116146452,136.0,1417.2,2007,Single-family
247.97239002555193,142.5,985.8,2006,Single-family
315.7802959865531,182.6,1141.8,2007,Single-family
248.60417102664655,152.0,1254.2,2006,Single-family
273.0025004816061,166.7,927.6,2006,Single-family
219.7793881010141,141.9,925.7,2007,Single-family
228.5205777849943,160.3,874.7,2007,Single-family
229.1949883535982,156.9,914.9,2007,Single-family
256.4959970413983,147.5,928.9,2006,Single-family
237.53852583236906,142.9,821.8,2005,Single-family
229.6430627477139,139.0,850.7,2007,Single-family
194.39759630303644,139.9,766.5,2005,Single-family
251.03412177604727,157.4,936.7,2004,Single-family
252.20394101626388,183.7,892.2,2006,Single-family
255.86579684459815,170.0,815.4,2006,Single-family
192.78937165055643,124.3,802.6,2007,Single-family
192.7232860822022,124.0,836.0,2006,Single-family
235.86975680351347,166.5,802.6,2007,Single-family
205.63418980290047,147.5,967.1,2007,Single-family
235.02987670225403,182.0,836.0,2006,Single-family
331.79505970003635,242.5,836.0,2007,Single-family
263.443152627093,174.6,1134.9,2007,Single-family
258.33786245403974,153.8,1030.8,2006,Single-family
270.62522934782737,163.6,948.2,2007,Single-family
213.0898876325912,147.1,969.8,2007,Single-family
230.8990009241419,156.5,1098.4,2006,Single-family
321.3619619413063,226.9,987.0,2004,Single-family
360.6191646591905,229.1,1035.1,2004,Single-family
159.24010616238573,102.2,696.7,2006,Single-family
182.00330595823738,106.2,696.7,2006,Single-family
165.25381573632075,101.6,1156.5,2003,Single-family
189.41397562981354,138.0,691.2,2006,Single-family
217.50309181830997,159.9,786.1,1994,Single-family
235.9753511297322,169.1,1078.8,1993,Single-family
195.5306807249591,125.3,785.0,2000,Single-family
234.16471551617119,138.8,1504.5,1998,Single-family
223.2668281878645,146.3,744.3,1992,Townhouse
182.43928450567722,117.6,744.3,1980,Townhouse
152.9964313805059,82.1,852.8,1983,Single-family
177.741519448157,187.6,780.3,1977,Two-family
126.4332365997813,83.0,583.8,1977,Single-family
114.2057851451563,90.1,787.7,1963,Single-family
119.15544872262585,98.2,689.3,1962,Single-family
100.07834514521828,92.8,720.7,1962,Single-family
86.7020411640627,104.0,647.5,1961,Single-family
181.02840657272375,157.5,1270.1,1962,Single-family
122.5416487074484,96.6,694.5,1968,Single-family
115.60215426567942,91.8,923.8,1961,Single-family
114.31023570243063,83.8,573.4,1967,Single-family
338.01257454561653,232.5,1813.5,1990,Single-family
244.2547757578654,201.3,1629.5,1974,Single-family
117.03000888095265,96.3,998.7,1974,Single-family
222.78231549927267,158.0,1546.4,1975,Single-family
131.5911478274385,98.0,1180.9,1973,Single-family
319.8809480142727,261.0,889.2,1990,Single-family
322.18871039508065,266.8,991.9,1992,Single-family
182.32646071432845,128.0,406.8,2004,Townhouse
173.66303431263617,106.9,327.3,2006,Townhouse
222.57224454300746,145.4,351.5,2006,Townhouse
179.04134039911472,125.6,392.9,2006,Townhouse
166.91025853180628,125.6,335.0,2006,Townhouse
221.0573195830947,144.0,495.1,2006,Townhouse
189.59557767189202,115.3,397.0,2006,Townhouse
181.1624302787149,116.1,394.9,2006,Townhouse
191.55175261370937,139.4,211.8,1999,Townhouse
155.1746334494338,135.4,300.0,1999,Townhouse
161.26853353939646,140.5,196.7,2000,Townhouse
177.59738208041105,146.1,196.7,2000,Townhouse
161.2966916367869,141.7,196.7,2000,Townhouse
186.6161348312914,102.4,474.2,2004,Townhouse
173.5148504429721,133.9,245.7,1999,Townhouse
222.20933783017753,181.1,687.3,1997,Single-family
214.30530782544753,126.2,680.1,1999,Single-family
238.40432139352967,190.2,744.1,2003,Single-family
273.92645644720756,219.4,781.5,1998,Single-family
236.38036263988715,138.8,879.3,1994,Townhouse
260.2053595162291,219.4,1114.7,1980,Single-family
190.6234763201569,133.0,1500.9,1978,Single-family
184.6208472603858,133.5,1000.3,1976,Single-family
154.0734090289986,120.3,356.7,1978,Townhouse
210.97201916338543,172.3,891.8,1976,Single-family
147.179662393937,117.2,891.8,1976,Single-family
316.9241962278189,232.0,1651.5,1981,Single-family
331.9529281321994,243.4,1754.8,1977,Two-family
235.64698854344087,179.2,654.9,2001,Single-family
158.20978186926766,107.0,1086.9,1968,Single-family
214.7835064692786,224.0,743.2,1970,Single-family
126.29973680069462,100.5,810.3,1969,Single-family
172.10725674936972,120.3,1086.9,1968,Single-family
185.0237986153078,149.6,1055.1,1972,Single-family
185.42608754240246,148.1,886.9,1993,Single-family
243.67395663975148,192.8,978.2,1993,Single-family
166.64151177547447,156.1,1068.3,1976,Two-family
158.6049456064739,101.5,997.5,1966,Single-family
156.1892337159627,115.4,891.8,1973,Single-family
118.56469386885539,97.7,1003.3,1963,Single-family
126.21609305279215,102.8,747.8,1967,Single-family
144.2459695840092,112.8,961.9,1967,Single-family
106.53083024749557,99.7,955.8,1965,Single-family
140.4072639457744,124.8,882.8,1958,Single-family
146.15498188132375,160.5,986.9,1964,Two-family
112.52457702763662,113.7,1012.5,1964,Two-family
144.80877355782897,132.1,1146.5,1960,Single-family
130.25931783007965,89.0,1186.4,1960,Single-family
116.51117917782292,98.9,826.0,1960,Single-family
119.60096299705785,105.7,973.7,1958,Single-family
135.7889894124225,84.7,700.0,1958,Single-family
109.26525818484187,99.8,692.1,1956,Single-family
89.47738160446286,81.9,774.6,1959,Single-family
162.20489934546706,110.3,1333.7,1961,Single-family
136.2556071670334,89.5,765.7,1961,Single-family
97.79073492886845,83.0,806.3,1960,Single-family
128.60762461670882,111.5,817.5,1966,Single-family
123.27584134309862,96.8,854.6,1965,Single-family
136.4404000006391,120.9,868.6,1964,Single-family
180.8208849641221,200.1,817.5,1964,Single-family
139.37822018759636,127.6,1057.3,1964,Single-family
209.08690459429226,153.5,2043.9,1959,Single-family
153.92960179433763,132.7,1354.9,1960,Single-family
121.9902874461248,123.3,686.3,1959,Single-family
120.91162822248573,113.7,914.3,1962,Two-family
101.4121693158126,86.6,769.2,1950,Single-family
101.35803381812,84.3,1130.7,1940,Single-family
60.57085520894398,31.0,464.5,1946,Single-family
92.97636734711635,61.9,464.5,1946,Single-family
80.75717803382206,62.2,325.1,1945,Single-family
108.84042147931729,75.1,480.7,1958,Single-family
186.186071512792,183.7,882.5,1964,Single-family
146.56373249578718,106.8,891.8,1955,Single-family
154.7666338608345,178.4,1053.9,1948,Two-family
124.52256695926687,127.8,881.7,1941,Single-family
155.29541964042662,152.7,880.6,1942,Single-family
137.44559364056565,144.9,805.2,1968,Two-family
149.83396134709224,118.9,933.6,1966,Single-family
126.46102198719105,116.5,891.8,1961,Single-family
114.71297301944253,84.7,942.9,1958,Single-family
157.7901999531204,141.6,1053.8,1958,Single-family
285.5216065571407,221.1,1713.9,1965,Single-family
132.41239936948216,86.9,813.8,1957,Single-family
121.10450474699017,93.6,637.3,1956,Single-family
132.45689508513203,97.8,766.4,1963,Single-family
134.61290085950634,98.1,759.5,1958,Single-family
166.92673917408914,134.0,905.7,1958,Single-family
114.10179468773043,98.1,859.3,1954,Single-family
123.92148690425753,115.6,1113.6,1957,Single-family
130.57974071814817,106.3,845.3,1960,Single-family
189.45845024566918,159.9,904.4,1957,Single-family
96.57474771681461,85.6,907.6,1957,Single-family
108.95623765091128,97.4,943.1,1956,Single-family
189.36980296906623,153.9,1129.1,1970,Single-family
144.0503128997776,131.1,1133.1,1955,Single-family
147.63055991046036,113.0,933.6,1955,Single-family
132.64141851060737,107.2,1073.5,1953,Single-family
131.64996446027402,144.9,750.4,1958,Two-family
121.46378940720274,88.1,1017.2,1952,Single-family
119.93788424811095,96.6,737.8,1953,Single-family
98.1253100751233,93.6,828.9,1953,Single-family
101.77929344311144,85.9,793.3,1956,Single-family
98.22347043361586,126.3,662.7,1955,Single-family
126.39120925627273,143.1,664.2,1955,Single-family
102.34514023730497,85.9,780.3,1955,Single-family
125.09903568790281,86.2,1235.5,1956,Single-family
139.71008986109268,153.0,885.5,1953,Single-family
141.58769346683061,85.8,1466.1,1952,Single-family
166.3349959653761,143.4,1318.2,1890,Single-family
94.89533618883661,83.0,891.8,1949,Single-family
146.65298412602186,160.5,1123.9,1953,Single-family
286.93761016982694,286.7,1976.9,1935,Single-family
120.70815610588097,96.1,941.4,1940,Single-family
77.72532693383222,81.9,510.9,1956,Single-family
122.18618801012248,119.0,955.3,1925,Single-family
121.39087834182845,89.9,1003.3,1927,Single-family
150.37309287087191,142.5,1003.3,1895,Single-family
107.2812960579057,64.2,501.6,1920,Single-family
150.63602292677444,153.4,937.3,1963,Single-family
122.4805455377555,82.5,808.2,1961,Single-family
129.57449464942982,88.4,771.0,1968,Single-family
236.35559818661966,193.2,1078.1,1969,Single-family
119.74518551411022,85.8,749.1,1949,Single-family
105.22929025468741,100.5,1083.5,1948,Single-family
135.71858822854867,171.5,975.0,1949,Single-family
112.78669179000113,91.8,668.8,1950,Single-family
143.11103639332998,115.0,668.8,1950,Single-family
90.29711659420691,80.3,668.8,1950,Single-family
106.26626121443167,105.3,650.3,1960,Single-family
117.59321907388336,96.6,696.7,1959,Single-family
136.6463621270893,108.7,679.5,1958,Single-family
139.79066658518698,115.4,734.1,1960,Single-family
119.58687559725637,127.9,743.2,1960,Single-family
130.91568385479428,167.2,743.2,1961,Two-family
99.40224758043122,85.9,650.3,1961,Single-family
193.20245131091824,171.9,906.6,1964,Single-family
175.9593739451253,168.3,705.1,1962,Single-family
90.30359062487702,80.3,613.1,1962,Single-family
95.6363898067521,86.9,628.0,1962,Single-family
109.42825413351667,89.2,648.2,1926,Single-family
129.8115643196856,133.0,891.8,1910,Single-family
99.72943305595578,120.4,557.4,1927,Single-family
90.63159531904239,94.9,416.2,1922,Single-family
103.95823199677085,86.9,668.8,1980,Two-family
84.97900098951713,89.8,292.9,1920,Single-family
136.27636078763123,97.3,1003.3,1885,Single-family
97.3270635707201,99.6,668.8,1940,Single-family
136.91767391441192,109.1,836.0,1900,Single-family
101.6569476151524,109.9,557.4,1948,Single-family
108.97472177041259,105.1,550.4,1937,Single-family
121.67188936713063,106.0,550.4,1900,Single-family
97.96610820570805,89.2,557.4,1920,Single-family
137.3831998141923,167.0,895.4,1900,Single-family
84.14310196804261,80.4,360.4,1945,Single-family
105.88587861866736,89.9,791.5,1923,Single-family
165.0532627544688,164.6,960.2,1910,Single-family
131.14305868940846,152.5,916.2,1927,Single-family
145.3050614335943,136.7,891.8,1925,Single-family
125.7997610509738,114.4,424.6,1910,Single-family
171.36379021658425,217.1,1263.4,1900,Two-family
148.61462859488228,153.3,780.1,1910,Single-family
169.64503410651812,205.3,919.7,1880,Single-family
104.7599105081644,126.2,334.4,1930,Single-family
202.8494564067887,228.0,1254.1,1879,Single-family
104.80412638229453,212.8,668.8,1910,Two-family
114.0866064359494,150.1,501.6,1926,Single-family
122.49127768696793,144.8,752.4,1948,Single-family
162.55292763563017,237.3,1003.3,1890,Single-family
123.4418540578673,115.9,876.8,1930,Single-family
121.29316636872713,89.9,801.3,1956,Single-family
135.37450092031403,128.4,1096.1,1949,Single-family
116.20734419251862,98.5,636.7,1925,Single-family
146.4295768049188,133.3,805.8,1950,Single-family
120.64630921724655,108.4,811.1,1920,Single-family
131.12681323003773,151.9,811.6,1923,Single-family
122.34157748658143,118.3,569.0,1939,Single-family
136.37210283612208,114.4,557.4,1939,Single-family
78.9943884118992,113.1,557.4,1941,Single-family
109.00575599880639,82.1,568.5,1939,Single-family
101.05098840573444,130.9,579.7,1938,Single-family
127.66118436451964,122.8,579.7,1939,Single-family
132.8029989898739,132.5,579.7,1930,Single-family
106.16517709701398,119.0,568.5,1926,Single-family
114.04438508803128,140.5,568.5,1920,Single-family
98.74186542385227,79.3,568.5,1929,Single-family
117.59527241259188,127.0,579.7,1931,Single-family
100.7040884101077,91.6,574.1,1926,Single-family
179.65611183779174,210.3,720.4,1918,Single-family
139.43982537306607,169.4,1255.5,1919,Single-family
120.32058636491914,127.8,822.1,1920,Single-family
133.88471578406515,122.2,794.2,1926,Single-family
124.62248540613012,129.7,811.0,1915,Single-family
108.16676421344994,124.8,529.5,1929,Single-family
177.13958877256525,234.7,791.5,1916,Single-family
132.9176076003685,109.0,527.6,1901,Single-family
129.6635892936621,112.8,527.6,1901,Single-family
124.6985091352303,168.9,720.7,1931,Single-family
94.76800910514986,102.9,692.0,1930,Single-family
236.78021778868384,213.1,1226.2,1963,Single-family
118.68504427712323,125.9,639.3,1914,Single-family
143.87496352226898,127.7,836.0,1937,Single-family
176.0737488267324,181.3,908.5,1950,Single-family
192.48579512551402,202.5,958.7,1915,Single-family
108.82980117344033,122.2,402.2,1958,Two-family
99.89666439844352,103.2,668.8,1920,Single-family
108.54434389674984,111.1,445.9,1916,Single-family
157.4532761926161,128.4,1148.0,1941,Single-family
130.70904171553468,175.5,940.1,1910,Two-family
96.2214937830472,78.0,407.6,1930,Single-family
131.00364618923012,137.9,958.7,1910,Single-family
197.21716620640666,210.6,1197.2,1937,Single-family
325.8536674023908,286.7,1674.9,1946,Single-family
131.23892009314167,105.3,758.0,1940,Single-family
59.121172209671634,119.1,416.5,1942,Two-family
98.2646725893413,92.8,1043.7,1963,Two-family
189.23283489702663,134.9,1043.7,1964,Single-family
130.30832626015336,93.4,1328.3,1964,Single-family
121.11428785400878,95.6,737.9,1961,Single-family
146.43092729285468,94.8,1314.4,1964,Single-family
143.54632800240378,96.6,1084.7,1966,Single-family
114.76289743744678,84.8,780.3,1966,Single-family
107.21910964636689,83.0,659.0,1966,Single-family
145.6990674023325,88.1,834.0,1968,Single-family
75.63927970715191,80.6,782.6,1971,Two-family
98.2479413865486,83.3,804.9,1968,Single-family
136.26342099374304,87.6,780.1,1967,Single-family
135.7448537568216,88.7,719.2,1966,Single-family
104.14766414790063,83.0,810.4,1968,Single-family
162.99233675051372,119.4,761.5,1977,Single-family
121.75002882841355,84.7,758.9,1966,Single-family
153.86526773501257,127.7,1316.8,1956,Single-family
237.505593662018,246.5,1558.7,1920,Single-family
119.7354378153571,131.5,2353.8,1918,Single-family
130.06495491534676,120.9,646.5,1940,Single-family
151.95072967197186,120.7,1056.7,1954,Single-family
149.30482519947196,109.2,1279.2,1958,Single-family
105.42625318720837,92.7,836.0,1945,Single-family
188.8751179632141,141.4,1028.8,1984,Single-family
241.6017851876247,191.4,931.6,1988,Single-family
130.16352693267243,123.1,1629.5,1948,Single-family
173.00441867408838,151.4,2108.0,1953,Single-family
151.24862063270876,115.4,1654.3,1946,Single-family
237.7559647263663,225.0,1177.1,1954,Single-family
197.74457678425927,200.5,1171.9,1950,Single-family
150.96154225167683,151.0,976.5,1954,Single-family
121.29923561984606,80.3,501.6,1958,Single-family
113.77423320492389,87.6,1069.7,1958,Single-family
111.46370356605163,133.8,716.3,1977,Two-family
80.3964898883761,56.2,845.1,1920,Single-family
137.6274598632724,96.4,359.4,1984,Townhouse
154.97215523066967,124.7,862.1,1951,Single-family
171.24337200540265,137.5,1031.1,1951,Single-family
132.01526699938466,126.5,701.3,1920,Single-family
128.6225823884064,124.5,841.6,1957,Single-family
253.80387289545772,169.3,2222.0,1984,Single-family
189.42822789650097,134.0,962.1,1990,Single-family
300.2820697845505,208.4,1251.7,1990,Single-family
344.34701879705995,253.6,964.2,1986,Single-family
274.7792466188699,197.6,1219.2,1991,Single-family
226.71814256773624,184.1,1048.5,1989,Single-family
268.59262369204566,181.9,865.5,1994,Single-family
353.10976115889486,250.4,925.7,2007,Single-family
365.98461744020676,262.7,925.7,2006,Single-family
210.61274180949349,153.4,852.6,2007,Single-family
305.56424772783004,198.8,973.6,2006,Single-family
243.65425296366706,138.8,989.5,2006,Single-family
218.8506517223883,122.2,1038.1,2007,Single-family
259.45542251173254,153.4,950.8,2007,Single-family
331.4619694419231,239.1,890.7,2007,Single-family
214.14464936977174,118.3,818.8,2005,Single-family
238.4764602868038,135.3,1031.4,2006,Single-family
217.57713800400666,115.2,794.8,2006,Single-family
152.24535859076428,112.2,628.1,2007,Single-family
218.78936395941577,143.6,1091.5,2005,Single-family
229.2713196995039,139.3,813.8,2006,Single-family
188.38835436280087,118.0,672.7,2005,Single-family
232.81539068027573,166.7,865.4,2005,Single-family
204.16992928033335,122.1,865.5,2006,Single-family
285.67355329641987,191.5,1334.3,1988,Single-family
235.19267620909488,174.0,825.2,1988,Single-family
228.0264224466162,193.9,1133.8,1966,Single-family
223.9134782180682,161.9,1863.8,1976,Single-family
180.5907757360517,94.9,1320.7,1994,Single-family
152.78569526194383,92.0,815.1,1994,Single-family
212.41529651449474,111.5,1045.0,1995,Single-family
184.3572722260837,121.5,930.9,1997,Single-family
234.68500637960116,166.8,885.4,1998,Single-family
148.8555749315141,92.0,782.9,1994,Single-family
209.61767536194375,101.9,1538.4,1996,Single-family
141.78656907900648,92.0,749.7,1994,Single-family
243.35521396840926,165.9,867.4,1997,Single-family
252.63597240624512,174.0,1005.1,1999,Single-family
241.58856426365,162.8,1147.4,1998,Single-family
198.83778036448356,157.0,886.5,2001,Single-family
236.21161887804573,171.1,819.9,2000,Single-family
246.10569056699714,137.4,990.7,2003,Single-family
233.26421478801112,154.9,1051.3,2003,Single-family
89.12908972975872,83.0,1096.1,1974,Single-family
138.78770330783655,95.2,804.5,1976,Single-family
120.55175123267611,93.7,902.9,1977,Single-family
110.95921931901817,96.6,834.4,1977,Single-family
130.63480573406682,84.3,1514.2,1977,Single-family
107.25513623970588,81.7,898.7,1975,Single-family
133.0974516337927,81.9,715.3,1972,Single-family
138.65478352293417,90.0,962.0,1975,Single-family
123.22666949937175,80.3,668.8,1972,Single-family
104.9959862130949,81.3,668.8,1972,Single-family
271.9247644934179,185.8,964.8,2004,Single-family
269.69463988731985,201.5,870.9,2002,Single-family
241.46431768398097,155.4,1054.7,2000,Single-family
170.18206877225384,135.5,812.7,2002,Single-family
249.60798434920852,179.5,812.7,2003,Single-family
239.0044873091597,160.6,757.8,2002,Single-family
376.5271578665489,227.8,1507.3,1998,Single-family
233.1195627342022,147.9,1107.9,1994,Single-family
336.2548036903232,226.6,1182.4,2001,Single-family
258.19550774384754,185.0,1420.8,1996,Single-family
242.16130209612686,154.9,1044.9,2002,Single-family
230.1562277664789,194.1,928.9,1995,Single-family
145.28257051799366,78.8,412.0,2003,Townhouse
215.0031791487609,124.6,1600.3,1999,Single-family
240.4498871626363,179.1,761.7,2003,Single-family
205.58362587402866,124.2,785.0,2003,Single-family
205.4732169582882,137.1,756.6,2007,Single-family
228.00911512971288,166.9,858.8,2006,Single-family
194.59714089382217,132.1,789.6,2004,Single-family
173.59838174370026,110.5,814.6,2005,Single-family
212.36000195922747,123.5,774.2,2006,Single-family
188.48582692146928,138.5,774.1,2006,Single-family
210.73892174167074,142.7,840.2,2005,Single-family
151.38280697850777,112.8,851.8,1965,Single-family
110.81520415953625,86.9,912.7,1967,Single-family
130.26476306721574,101.1,771.8,1963,Single-family
127.0705329352466,89.2,1014.5,1965,Single-family
127.81032187441564,125.5,1513.0,1925,Single-family
101.06605875008844,109.5,765.4,1960,Single-family
115.73041245921526,75.8,1100.0,1990,Two-family
113.64341663136626,97.0,583.8,1976,Single-family
139.30739914828214,103.4,735.4,1976,Single-family
188.77837253301107,207.4,887.6,1979,Two-family
187.52382613405254,104.5,792.9,2006,Single-family
175.13686179278324,101.3,652.5,2005,Single-family
212.1504878092062,130.8,652.4,2005,Single-family
162.14099046917968,99.6,341.4,2005,Townhouse
95.95523853434999,89.2,594.5,1959,Single-family
101.59316470274551,107.0,639.3,1955,Two-family
101.72410459225785,88.1,948.9,1954,Single-family
81.8359556109813,111.0,812.0,1946,Two-family
83.96735109912603,71.9,396.7,1931,Single-family
93.61452145675271,80.4,932.8,1920,Single-family
134.15773460741048,83.0,877.8,1954,Single-family
148.296659823576,125.0,1093.1,1910,Single-family
70.3783277132485,71.3,759.1,1955,Single-family
75.53513671489532,80.3,759.1,1955,Single-family
101.84052554148063,88.1,760.8,1954,Single-family
238.7788149537328,315.4,1012.2,1914,Two-family
188.80130246558423,240.8,1011.6,1923,Two-family
160.05367157687004,139.5,983.9,1923,Single-family
110.7268058762974,73.3,984.1,1926,Single-family
106.78471541490761,132.1,671.0,1926,Single-family
123.25438308406011,120.6,633.6,1921,Single-family
123.58048591756173,164.2,668.8,1937,Single-family
82.0592771504628,102.0,371.6,1930,Single-family
96.97594979062472,133.4,624.2,1921,Single-family
111.88743672001802,132.5,709.9,1918,Single-family
114.64868470613823,135.7,664.7,1926,Single-family
127.494980619096,152.9,662.1,1941,Single-family
125.00617034167345,64.5,397.6,1913,Single-family
114.24147065808266,116.1,498.1,1910,Single-family
106.61836960349164,88.6,585.7,1938,Single-family
130.75998374437285,181.9,662.9,1946,Two-family
150.18361734082328,186.0,582.4,1949,Two-family
121.14514765982223,159.6,671.6,1927,Single-family
149.80532193636853,113.9,1217.7,1951,Single-family
219.87830883140413,243.8,2082.7,1918,Single-family
275.8247927458393,296.7,1130.3,1934,Single-family
148.78700017782347,163.0,725.5,1930,Single-family
153.53263541587285,185.0,1047.4,1932,Single-family
82.76937230999457,125.9,577.9,1941,Two-family
223.0464092556663,253.3,981.9,1932,Single-family
187.24497032553384,215.5,674.3,1945,Single-family
193.18029733289853,170.8,1341.6,1957,Single-family
210.234862650213,161.6,1219.2,1940,Single-family
269.95929423077496,209.8,1950.8,1953,Single-family
119.60814380563485,144.9,2367.4,1960,Single-family
175.89010995865235,138.2,2004.6,1968,Single-family
130.85293199037022,97.1,165.5,1980,Townhouse
256.1264560915994,156.1,1660.1,1995,Single-family
168.24722697183466,94.8,362.9,1988,Townhouse
162.74639192846104,157.5,1922.3,1971,Single-family
349.45971747488903,253.2,1676.2,1986,Single-family
155.53567979403454,140.9,789.6,1919,Single-family
133.05086682695386,112.9,650.3,1940,Single-family
124.82701076544818,74.6,464.5,1941,Single-family
155.17451640353934,148.7,677.0,1925,Single-family
87.05643144269801,104.3,562.9,1939,Single-family
165.2400840799011,169.8,841.6,1923,Single-family
86.54590084991469,75.8,341.1,1922,Single-family
116.13250580506408,94.0,767.6,1920,Single-family
117.63250650324758,100.0,833.0,1920,Single-family
156.55827318961335,144.7,1273.6,1950,Single-family
101.0677937586374,78.5,1028.1,1939,Single-family
136.7216757021832,185.0,766.4,1895,Two-family
103.7318641757326,99.7,609.8,1957,Single-family
105.96775558282658,93.0,562.9,1930,Single-family
238.14322509306558,151.0,517.2,2006,Townhouse
214.4461190340055,151.0,441.2,2006,Townhouse
166.48145585842806,120.7,1128.7,1979,Single-family
139.72561221985458,84.7,700.4,1978,Single-family
121.30185572351786,100.3,853.4,1983,Single-family
195.38075771033886,129.3,928.9,2002,Single-family
201.35872256799857,130.9,1195.0,2002,Single-family
197.19829926510144,137.3,922.3,1991,Single-family
166.14605031240325,85.3,812.8,1975,Single-family
111.72285567022601,95.3,781.2,1974,Single-family
194.952707871338,139.4,376.6,1987,Townhouse
261.03630477460877,139.5,906.9,1998,Townhouse
122.56599129967572,123.4,1570.4,1959,Single-family
232.64658217099878,211.7,1854.0,1958,Single-family
229.07616751422253,156.9,777.3,2006,Single-family
202.3400528097429,145.3,770.8,2006,Single-family
219.47655294786688,137.9,839.5,2006,Single-family
259.14795734747696,145.9,1021.0,2007,Single-family
252.74154184341143,152.9,989.9,2006,Single-family
163.99072836810421,115.2,959.7,1985,Single-family
242.691280799051,159.5,1278.0,1990,Single-family
228.93027799804318,163.1,864.2,1996,Single-family
155.21895113661182,121.9,624.1,2001,Single-family
173.69885440269897,106.5,890.9,2003,Single-family
273.8996804156959,178.5,1050.2,2002,Single-family
187.72864305956466,138.5,722.4,1996,Single-family
256.5511052313656,151.3,1350.3,2002,Single-family
350.4026483477872,230.9,1096.1,2003,Single-family
244.6157727724928,165.0,1421.8,2006,Single-family
295.7391033828176,169.4,1173.5,2006,Single-family
320.52191964972144,230.6,1176.5,2005,Single-family
180.42726693408113,104.0,780.5,2007,Single-family
174.0110451443163,86.9,623.3,1996,Townhouse
92.16052327423937,96.6,2348.9,1963,Single-family
150.98310079830733,151.6,2322.3,1967,Two-family
132.56738841111815,98.5,392.4,1976,Townhouse
134.27400123884462,106.1,392.4,1976,Townhouse
114.6449258441301,101.4,139.7,1972,Townhouse
114.17018665633077,92.2,142.4,1970,Townhouse
104.59887077176595,101.4,138.9,1970,Townhouse
124.37742961904327,101.4,185.9,1970,Townhouse
89.53400655555002,58.5,179.8,1970,Townhouse
113.67326165018102,101.4,175.6,1976,Townhouse
141.75060466272933,98.7,1052.8,1976,Single-family
141.50835898962148,93.6,848.0,1977,Single-family
175.76247464622764,126.0,1482.3,1977,Single-family
166.2316094729661,133.0,769.7,1977,Single-family
130.5356094700802,73.9,624.5,1971,Single-family
99.45140993690772,71.3,672.9,1970,Single-family
165.64174549627282,149.4,2572.9,1961,Single-family
102.28108666305029,78.5,705.9,1982,Single-family
162.84375914201166,109.4,1021.8,1976,Single-family
120.57433174441526,75.8,772.3,1982,Single-family
166.3506750350876,75.8,1079.9,1983,Single-family
147.0816922731633,90.5,995.1,1991,Single-family
125.7975626446257,82.4,970.5,1984,Single-family
156.71499560197222,120.1,1024.3,1954,Single-family
129.83835501990905,95.1,978.5,1956,Single-family
184.52265024553023,166.9,1092.9,1957,Single-family
166.68533642890006,171.9,1089.4,1969,Single-family
202.50645418903719,141.7,765.3,1997,Single-family
300.43478007706483,207.7,1208.2,1997,Single-family
236.8397837795071,155.2,1211.4,1995,Single-family
206.02288478178224,139.2,1210.5,1995,Single-family
248.38798886790818,165.0,908.8,1996,Single-family
213.95316466261883,140.4,1041.1,1997,Single-family
381.30828877011095,228.7,1800.1,2005,Single-family
242.71764879699032,155.1,1380.3,2006,Single-family
298.49747693365555,191.7,1219.5,2005,Single-family
237.86523573358747,167.3,971.9,2005,Single-family
343.81261928041135,205.5,1277.4,2005,Single-family
329.98149451129547,187.7,2160.4,2006,Single-family
340.0610209637317,249.6,1217.7,1994,Single-family
157.267822846582,108.6,750.2,1993,Single-family
205.29386442574759,139.4,713.9,1993,Single-family
215.8947119763881,151.6,843.8,1998,Single-family
154.31483064080217,111.8,343.8,1987,Townhouse
234.70397863138646,164.1,492.9,1987,Townhouse
186.58612962997933,161.8,609.7,1985,Single-family
429.4927968694183,259.9,1488.4,2005,Single-family
518.1428012237095,314.9,1677.9,2006,Single-family
341.28086283348097,229.7,1141.9,2006,Single-family
438.76260379870274,266.4,1491.5,2005,Single-family
360.34092391719764,239.3,1155.4,2006,Single-family
410.3160001307864,250.6,1491.1,2006,Single-family
413.7819668630687,259.6,1479.1,2005,Single-family
420.45985060154965,273.6,1271.0,2006,Single-family
228.09764070916566,215.5,1371.3,1948,Single-family
240.41401149685666,159.2,756.8,2005,Townhouse
282.2156363613334,169.6,1049.9,2005,Single-family
307.1251793414491,185.8,1696.3,2005,Single-family
196.3925705435711,150.6,1314.0,1984,Single-family
282.08065359075414,202.8,1285.4,1988,Single-family
270.080911171866,210.2,1547.5,1977,Single-family
220.62042256767867,146.2,1746.4,1976,Single-family
159.3609522709765,102.4,972.0,1980,Single-family
218.47207177321062,173.9,966.1,1988,Single-family
196.60556283380677,172.5,978.2,1978,Single-family
205.82756617386548,156.6,951.2,1980,Single-family
335.8798825737831,258.6,1550.6,1978,Single-family
163.38424684673913,144.2,1066.0,1975,Single-family
116.94389617983668,100.6,922.2,1976,Single-family
311.79180764515854,215.3,883.6,2005,Single-family
183.44714487939157,174.2,978.2,1975,Single-family
123.28186659564687,99.8,941.9,1975,Single-family
198.28700446414274,154.6,941.9,1976,Single-family
169.2625700432076,121.6,941.9,1974,Single-family
123.95490959433346,102.5,928.9,1974,Single-family
135.76634282998066,101.8,1474.2,1969,Single-family
134.2974897250203,80.3,868.8,1970,Single-family
118.76485653065386,79.7,754.8,1971,Single-family
105.52298647203166,81.2,668.8,1971,Single-family
234.04076441034277,131.8,815.0,2002,Townhouse
134.00864054171743,101.4,256.4,1973,Townhouse
118.14948461548599,126.8,200.7,1973,Townhouse
101.03013544278494,91.7,181.4,1973,Townhouse
133.53330754193723,95.7,175.6,1972,Townhouse
148.15527588051916,113.1,156.1,1971,Townhouse
136.12172711610717,113.1,156.1,1972,Townhouse
108.99823382894466,88.1,156.1,1972,Townhouse
107.17789699660804,101.4,156.1,1972,Townhouse
114.17900681725912,91.7,156.1,1972,Townhouse
154.52205831111377,99.3,375.6,1975,Townhouse
160.32907058625403,128.8,698.0,1967,Single-family
113.96276093595304,83.6,728.1,1967,Single-family
130.09378699190822,98.0,211.8,1976,Townhouse
120.42459965245541,135.3,202.4,1976,Townhouse
304.26390888596507,183.9,1554.8,2004,Single-family
413.76164967762054,240.5,1522.3,2006,Single-family
390.021090370205,241.2,1510.4,2006,Single-family
266.3059681574746,150.3,1501.4,2004,Single-family
323.36789739579257,192.8,1290.4,2006,Single-family
273.6309274876459,161.6,1135.9,2006,Single-family
288.4339995228209,173.5,1373.0,2005,Single-family
279.0822347172891,171.9,1489.4,2004,Single-family
314.37619316807377,220.7,1320.5,2005,Single-family
330.80091079063686,227.8,1246.5,2004,Single-family
319.25993977569465,204.9,1298.2,2005,Single-family
294.6782401040822,194.9,951.2,2005,Single-family
283.6654521224062,194.2,923.6,2005,Single-family
340.6329350449724,215.9,1107.7,2005,Single-family
303.96130565957793,209.3,1195.3,2005,Single-family
296.05990389403803,221.9,991.4,2006,Single-family
334.11145291950385,219.0,1081.6,2005,Single-family
304.9051220715177,180.6,1149.8,2003,Single-family
281.82808060872617,183.0,1027.9,2006,Single-family
265.07020929850404,166.5,1278.0,2005,Single-family
287.6937547124859,165.4,1377.4,2004,Single-family
279.3566004326736,166.5,1100.4,2003,Single-family
410.8653624155992,253.4,1897.9,2005,Single-family
263.36624887852594,176.9,1015.1,2005,Single-family
297.241227881224,177.8,1227.6,2004,Single-family
223.82245412800768,126.7,655.1,2005,Townhouse
214.9905966845529,145.4,549.1,2005,Townhouse
215.26319913158636,127.1,646.1,2005,Townhouse
205.16650652562163,127.1,630.9,2005,Townhouse
234.23208710090933,156.6,719.0,2006,Townhouse
246.50670890449814,154.8,592.0,2006,Townhouse
163.82145739273403,130.5,291.3,2003,Townhouse
202.9467010894648,122.2,951.0,2005,Single-family
204.19716227189866,135.3,951.0,2005,Single-family
230.04080698594376,138.6,951.0,2006,Single-family
245.7115412411889,139.0,1588.9,2006,Single-family
281.38672309310584,173.1,1305.5,2006,Single-family
191.83410836723726,123.2,1083.1,2006,Single-family
246.5696771825124,135.3,1447.1,2006,Single-family
317.5066621268487,220.4,1080.4,2004,Single-family
203.62134554768272,138.6,842.8,2006,Single-family
190.54177912476163,126.7,286.8,2006,Townhouse
207.76078439307105,144.6,296.9,2003,Townhouse
212.23989537760136,135.3,296.9,2003,Townhouse
189.33285536973193,140.4,272.9,2002,Townhouse
187.86575241841348,131.4,285.4,2004,Townhouse
179.8371601925175,143.8,285.4,2004,Townhouse
163.86394281787526,115.9,279.6,2005,Townhouse
184.36641909987608,106.1,279.6,2005,Townhouse
185.21843401223637,139.9,279.9,2005,Townhouse
236.011206190863,145.6,369.9,2006,Townhouse
186.08113311235374,139.3,375.8,2006,Townhouse
294.5666322997143,170.7,2037.2,2005,Single-family
198.01354626401275,140.2,730.2,2002,Single-family
194.78364969518276,131.4,841.2,2004,Single-family
218.10799009823631,148.4,851.9,2004,Single-family
260.0730175529862,179.8,1039.9,2000,Single-family
205.44710581525726,140.2,731.5,2003,Single-family
211.87171437254716,154.6,754.4,2000,Single-family
254.06818958388112,175.5,804.3,2000,Single-family
290.9953244706155,175.2,1041.7,1998,Single-family
244.6661667706599,155.2,1008.1,2000,Single-family
333.4164476293392,215.7,1124.4,2006,Single-family
262.33871131674147,212.8,811.7,1999,Single-family
282.0860051019356,222.2,878.0,1997,Single-family
226.1447008487684,183.6,897.4,1998,Single-family
288.4838741771135,207.5,886.7,2000,Single-family
324.2550962860399,265.2,857.7,2000,Single-family
273.29847117277046,178.7,1115.7,1998,Single-family
289.8251753366616,210.2,1123.1,1998,Single-family
333.21731468616696,253.2,930.7,1995,Single-family
499.6367030453714,325.1,1601.7,1993,Single-family
273.7782220562947,231.7,950.9,1994,Single-family
292.5413783957411,234.7,940.1,1994,Single-family
361.67185838084976,260.0,1169.1,1993,Single-family
293.0857992903663,182.4,1156.3,2005,Single-family
279.7484816656398,155.1,1413.7,2006,Single-family
329.94057032817136,194.8,1941.1,2005,Single-family
238.9946216126286,154.2,945.8,2006,Single-family
249.8475586880999,150.1,807.1,2005,Single-family
232.48532646198353,139.7,1015.9,2006,Single-family
206.116223121515,118.7,802.6,2006,Single-family
371.8789232687744,245.2,1222.7,2006,Single-family
207.00973881992982,138.3,1041.9,2006,Single-family
280.41353546612856,180.1,996.6,2006,Single-family
221.06533334214154,144.3,754.8,2005,Single-family
242.03013035135226,159.4,754.8,2005,Single-family
203.37900209371332,146.4,754.8,2006,Single-family
171.5733757358253,117.2,668.8,2006,Single-family
150.6454943054659,117.6,696.7,2005,Single-family
193.90009271980563,120.9,668.8,2006,Single-family
186.64380368417739,106.1,718.3,2005,Single-family
207.64475023857472,130.1,1024.1,2005,Single-family
192.8145088058766,105.1,1214.3,2005,Single-family
197.1816407496059,106.0,1214.3,2005,Single-family
224.14836948962903,107.6,1214.3,2004,Single-family
235.89821860588302,156.6,724.6,2005,Single-family
228.77305354893298,147.2,709.0,2005,Single-family
222.81216829292316,170.6,771.4,1997,Single-family
179.81681420302522,148.9,664.5,1992,Single-family
231.11096643363345,160.8,870.4,1992,Single-family
175.52077960133198,129.9,666.5,1990,Townhouse
195.9921821302956,113.1,666.5,1991,Townhouse
160.2529926535523,122.6,837.8,1994,Single-family
139.2340448293923,98.1,826.8,1966,Single-family
124.35322682703323,89.6,724.6,1965,Single-family
107.93677095458679,91.8,845.3,1962,Single-family
145.93318120830415,160.5,845.3,1963,Two-family
136.16352132204503,153.6,829.3,1977,Two-family
119.7318645555628,112.5,858.3,1962,Single-family
139.98937724189148,112.6,786.9,1977,Single-family
112.3248878559061,91.4,864.7,1965,Single-family
133.03399909074653,84.4,785.0,1968,Single-family
147.84211259441042,85.9,802.4,1963,Single-family
134.7960628147571,95.1,1212.5,1965,Single-family
128.28319560884387,86.9,1256.5,1965,Single-family
125.23612346446087,84.7,745.0,1964,Single-family
120.17051320119917,114.8,649.6,1961,Single-family
127.40791299247594,87.4,816.4,1967,Single-family
279.0382023220867,245.8,1331.2,1974,Single-family
317.3679620871865,224.5,1491.8,1991,Single-family
319.0141465075804,262.5,1024.2,1992,Single-family
308.18027995317846,234.1,1350.8,1993,Single-family
314.02708754748426,213.2,1239.8,1992,Single-family
221.74319986952534,150.9,1157.6,1994,Single-family
195.72688434363704,106.2,337.0,2004,Townhouse
200.14902211333535,115.8,308.0,2005,Townhouse
172.12651636984836,111.5,295.4,2005,Townhouse
161.72967355784886,113.6,236.3,2005,Townhouse
156.64756258931672,113.6,236.3,2005,Townhouse
136.45556156197938,111.5,295.4,2005,Townhouse
177.43245039456752,141.6,278.5,2000,Townhouse
182.7262743595233,134.9,347.0,1999,Townhouse
161.9927905496058,128.4,246.3,2000,Townhouse
159.32641317534598,100.3,413.1,2003,Townhouse
210.6800260696792,157.4,772.3,1997,Single-family
193.27669287111596,145.7,667.0,2001,Single-family
234.24810024292918,138.8,887.0,1995,Townhouse
142.64447700724722,112.2,1045.1,1977,Single-family
177.89916225387873,114.7,349.3,1980,Townhouse
146.27879159738836,96.2,338.1,1980,Townhouse
147.79029898011473,113.9,359.9,1980,Townhouse
136.57595301307973,113.9,360.1,1978,Townhouse
112.35967911633885,110.8,1217.8,1972,Two-family
210.52301583530453,178.4,946.8,1968,Single-family
249.94358405729707,200.3,1930.4,1968,Single-family
165.71095339115973,131.5,1086.9,1968,Single-family
277.92509256325644,246.5,1024.5,1968,Single-family
186.4591351075807,166.3,966.1,1972,Single-family
155.54410882517132,123.9,941.9,1967,Single-family
111.63273067312048,108.1,891.8,1969,Single-family
111.70856663551342,91.0,905.7,1967,Single-family
102.10276013153819,97.6,891.8,1968,Single-family
170.38824901676068,164.4,802.6,1968,Single-family
119.02423738447355,90.7,869.5,1968,Single-family
152.57241212430984,97.7,780.3,1968,Single-family
105.28305697811953,83.4,780.3,1968,Single-family
132.04703067417165,97.6,906.6,1966,Single-family
142.29373252455997,106.0,891.8,1967,Single-family
157.61017648855497,111.5,857.4,1965,Single-family
239.31056624925662,185.1,1375.1,1971,Single-family
139.75889675646377,97.5,990.2,1961,Single-family
138.2892860909838,80.3,845.3,1958,Single-family
107.33602176154177,159.0,779.7,1959,Two-family
122.17529706441704,145.4,817.5,1965,Two-family
131.47571382156326,116.2,817.5,1964,Single-family
159.61444300219736,138.2,963.1,1964,Single-family
142.90608299840392,133.8,868.6,1964,Single-family
116.29085134401893,101.7,964.4,1958,Two-family
112.25044210121757,97.8,833.5,1958,Single-family
131.65407776556867,115.9,1003.3,1960,Single-family
110.15041884098426,75.8,794.2,1934,Single-family
111.77149905024814,93.6,1061.3,1954,Single-family
102.33093414766468,96.9,903.3,1947,Single-family
83.37334051565416,114.3,437.7,1946,Single-family
98.12035211791151,80.7,548.1,1923,Single-family
111.04776434881529,69.4,541.1,1926,Single-family
133.55423870374185,116.3,690.9,1908,Single-family
156.8299717658797,133.1,891.8,1961,Single-family
162.78281797124518,150.9,1008.6,1952,Single-family
120.75540817066347,113.0,891.8,1951,Single-family
195.97709465440215,198.4,992.1,1951,Single-family
126.09045828636957,146.6,881.6,1941,Single-family
161.3053820001947,160.5,879.0,1949,Single-family
130.28010868810532,86.9,918.5,1954,Single-family
110.43173975843665,147.1,828.3,1967,Two-family
169.33200452643158,115.7,1179.8,1964,Single-family
99.7865792965369,114.7,789.6,1961,Single-family
226.74320953279087,200.4,1319.1,1966,Single-family
107.32361590126273,104.8,836.0,1954,Single-family
274.53257638350493,289.1,2361.3,1918,Single-family
119.04125258709753,93.6,903.2,1963,Single-family
116.77304835798572,110.5,717.9,1962,Two-family
108.74030684376896,106.3,758.3,1959,Single-family
122.60440800759098,126.7,780.3,1957,Single-family
142.20696049259655,128.5,1077.6,1960,Single-family
132.78148620012803,124.1,892.7,1958,Single-family
133.72151650152767,127.3,928.9,1956,Single-family
112.85192062572685,101.4,1379.5,1957,Single-family
131.90382102907034,104.4,943.1,1956,Single-family
133.35421820372486,114.8,930.0,1957,Single-family
108.27228320466106,87.6,653.2,1979,Two-family
134.00883118061253,97.5,751.7,1954,Single-family
123.23108500030548,127.7,1050.6,1954,Single-family
146.43452483758801,93.6,1187.0,1952,Single-family
161.32743408195066,146.3,944.7,1951,Single-family
138.83409147477775,106.4,715.3,1956,Single-family
121.5470753362825,93.4,1026.5,1956,Single-family
138.27073679633273,98.1,1263.4,1955,Single-family
120.51378066874932,82.1,1433.2,1951,Single-family
217.64257782521312,189.4,1978.5,1941,Single-family
144.63909370619666,128.6,1235.5,1956,Single-family
205.24552551964888,245.2,2056.3,1925,Two-family
119.38855483563637,121.9,696.7,1947,Single-family
137.19357198047123,121.7,650.3,1924,Single-family
124.64092304447377,66.2,967.0,1930,Single-family
76.8324705615076,77.4,501.6,1954,Single-family
111.5232450117058,99.7,501.6,1921,Single-family
101.73113173766063,66.4,1013.8,1929,Single-family
113.314266259101,66.9,651.0,1900,Single-family
129.32014838162456,105.0,1003.3,1920,Single-family
157.1215818981046,148.2,668.8,1915,Single-family
159.86095485961923,163.5,1004.9,1910,Single-family
118.46778197376561,112.8,967.0,1915,Single-family
146.17898755036003,224.2,1003.3,1900,Two-family
148.25372464081005,136.2,1003.3,1936,Single-family
146.10831254410957,123.0,804.3,1965,Single-family
157.54060717100776,100.9,1244.8,1966,Single-family
156.2882786161622,106.5,946.0,1963,Single-family
177.9280728721724,161.1,909.1,1962,Single-family
145.21849921474345,112.1,883.4,1962,Single-family
138.1220095845528,84.7,724.6,1964,Single-family
150.13871050197537,110.9,827.7,1959,Single-family
92.61734184741547,80.3,681.1,1959,Single-family
80.6859828338534,75.8,659.5,1957,Single-family
161.12762900362304,164.7,1003.3,1961,Single-family
133.53336182212254,136.7,1082.2,1959,Single-family
283.38438069026716,227.4,1697.6,1962,Single-family
158.60061540675298,148.6,1516.1,1957,Single-family
167.2443580774532,141.3,1128.1,1950,Single-family
118.41540604851961,110.7,1003.3,1949,Single-family
124.76837443673222,96.6,668.8,1950,Single-family
119.90974599389398,96.6,668.8,1950,Single-family
118.35371123297602,96.6,702.3,1959,Single-family
94.27217656294789,96.6,793.7,1950,Two-family
67.74536970279269,96.6,793.7,1949,Two-family
50.392462314843485,96.6,793.7,1950,Two-family
115.46518878773479,144.5,790.7,1960,Two-family
130.07450432435482,106.8,738.0,1959,Single-family
100.2223482638209,106.8,650.3,1961,Single-family
148.24782637826397,125.2,705.1,1966,Single-family
133.71490777286076,92.8,948.0,1962,Single-family
118.57938711754234,97.1,687.4,1962,Single-family
109.48214794744275,80.3,650.3,1962,Single-family
84.01097089719325,95.2,650.3,1962,Two-family
161.95380354433777,187.1,915.6,1900,Single-family
109.09328038778946,123.4,920.2,1925,Single-family
170.82186485010615,154.9,891.8,1948,Single-family
126.10932552471664,153.9,512.8,1920,Single-family
144.25923661354827,131.5,891.8,1900,Single-family
131.02419647512386,152.4,891.8,1925,Single-family
103.96469178613052,132.7,599.3,1900,Single-family
109.96402992463243,93.3,367.9,1930,Single-family
73.13608611033551,75.5,528.0,1930,Single-family
113.92359098404327,181.2,719.5,1900,Two-family
108.66115974503012,95.9,719.1,1924,Single-family
101.35648578815702,78.4,523.3,1925,Single-family
161.27700429646902,162.6,836.0,1880,Single-family
101.6912855651037,80.3,668.8,1950,Single-family
78.24873721371516,103.9,408.7,1920,Single-family
122.78681148925604,127.8,707.3,1905,Single-family
72.4550594700413,89.2,557.4,1955,Two-family
128.7827082870935,145.5,557.4,1924,Single-family
100.66251824910924,45.7,727.4,1921,Single-family
141.21531798918633,109.8,889.6,1945,Single-family
122.77385333237896,108.0,540.6,1955,Single-family
81.13644253641688,78.0,533.9,1920,Single-family
124.99161517773324,179.1,849.2,1910,Two-family
155.47144019686513,164.8,891.8,1900,Single-family
143.6830326096033,164.2,1003.3,1914,Single-family
165.26147499061875,195.4,585.2,1910,Single-family
111.18727677287967,133.8,464.5,1900,Single-family
121.09328538792613,157.0,822.1,1916,Single-family
77.45828039102369,127.1,334.4,1910,Single-family
128.3670962932864,163.7,668.8,1920,Single-family
117.74044475538756,111.5,1053.4,1923,Single-family
306.62782726422085,335.2,2131.9,1892,Single-family
49.567703044066135,115.9,555.1,1920,Two-family
118.73955360148426,89.2,905.7,1958,Single-family
118.07618861079669,94.8,442.3,1918,Single-family
89.32491877331927,73.2,691.7,1941,Single-family
135.98938535245622,146.5,597.8,1939,Single-family
150.95802425283733,169.7,1090.3,1924,Single-family
111.87709102586413,154.6,464.5,1947,Single-family
105.46124788426808,103.9,724.6,1939,Two-family
119.42713549371464,109.2,579.7,1934,Single-family
128.4185954144528,124.8,579.7,1936,Single-family
142.8036989128088,107.9,568.5,1930,Single-family
104.45174899780345,94.3,568.5,1925,Single-family
99.75100102600346,84.7,579.7,1947,Single-family
125.64818984473101,146.4,579.7,1928,Single-family
135.08991263113987,123.0,568.5,1930,Single-family
120.68970118929802,102.5,557.4,1925,Single-family
83.75644621896325,57.2,557.4,1921,Single-family
95.12479837768234,97.4,592.7,1922,Single-family
113.31808569161525,75.8,1084.3,1925,Single-family
107.33258277763018,89.2,917.1,1970,Two-family
128.4839500121218,151.9,493.3,1910,Single-family
91.6132063652592,64.4,382.5,1941,Single-family
131.8577867182169,132.8,958.7,1924,Single-family
133.1931147141207,123.5,698.4,1910,Single-family
118.33677343156569,76.1,836.0,1919,Single-family
115.29567599786209,127.8,798.9,1937,Single-family
102.82194583374624,126.3,668.8,1938,Single-family
121.49209845152798,100.0,909.1,1922,Single-family
62.54250644008375,70.0,629.8,1935,Two-family
85.01757033089109,91.4,668.8,1930,Single-family
162.9840001798034,132.1,1149.6,1951,Single-family
177.2425448799286,178.4,1034.5,1964,Two-family
187.1569459718991,152.3,1985.1,1950,Single-family
128.2613920693333,125.6,643.8,1958,Single-family
112.69156997160212,95.9,766.4,1935,Single-family
72.74856610279728,81.7,484.9,1936,Single-family
172.30174920762312,99.7,510.9,2004,Single-family
165.0394782139789,128.4,1043.7,1963,Single-family
136.93872345471,120.4,1002.4,1967,Two-family
120.20209457491356,99.2,781.6,1963,Single-family
135.65637852845828,98.8,1052.2,1967,Single-family
160.72022854967375,122.6,1094.0,1966,Single-family
111.65409599040917,86.8,962.9,1964,Single-family
116.3199443651997,98.4,836.0,1966,Single-family
174.9628339945813,107.7,1073.2,1968,Single-family
161.68774859074875,130.1,728.7,1978,Single-family
147.66440087128478,135.4,885.7,1967,Single-family
162.0980515907357,159.9,960.1,1968,Single-family
110.67260910842927,96.6,666.6,1978,Single-family
189.11158129665802,182.7,897.5,1977,Two-family
157.3648081294955,181.1,765.0,1977,Two-family
186.3120155755409,178.4,1268.0,1958,Single-family
186.07687142701468,167.5,1219.2,1957,Single-family
198.0069370973927,165.3,1664.7,1955,Single-family
115.88086361919164,81.0,1628.3,1924,Single-family
112.63096490873505,89.2,951.8,1965,Single-family
149.55834593739962,133.5,1316.8,1956,Single-family
220.4453502523799,170.0,1890.9,1967,Single-family
123.7604632084313,92.9,1212.3,1963,Single-family
249.64723773373944,212.4,1448.5,1953,Single-family
113.98453119621088,75.2,1005.1,1971,Single-family
113.37784694758959,83.0,1240.1,1974,Single-family
143.39479997053667,157.9,157.9,1980,Townhouse
127.08154651491108,135.0,489.6,1986,Single-family
130.6418915703553,125.4,870.9,1954,Single-family
116.87575096076797,106.8,602.7,1942,Single-family
166.96996609148343,186.5,724.6,1948,Single-family
255.8081522423427,204.5,1829.1,1966,Single-family
163.9819781533029,186.6,1853.2,1928,Single-family
370.21227220136876,341.1,1839.3,1935,Single-family
163.82798469337163,144.9,1084.9,1962,Single-family
159.49964465969552,138.2,1119.2,1952,Single-family
162.91484093964752,98.2,977.2,1955,Single-family
162.67593600141777,172.3,884.8,1954,Single-family
169.26579355057365,149.5,884.8,1953,Single-family
94.77494274362222,106.6,596.4,1952,Single-family
105.49282009209962,104.4,774.3,1954,Single-family
102.53583427613827,135.3,704.6,1948,Single-family
163.38855753193897,120.6,1040.4,1985,Single-family
329.6754432180055,237.7,1126.6,1989,Single-family
233.78966534732547,177.5,887.5,1993,Single-family
178.22303688330098,133.8,842.5,1993,Two-family
258.5683526374339,174.3,1022.1,2005,Single-family
193.69809428660415,112.2,695.6,2005,Single-family
171.43859493654074,113.3,688.0,2006,Single-family
194.27136556043126,120.2,628.1,2006,Single-family
264.3246881553391,149.9,1041.3,2005,Single-family
212.3821367821292,139.2,835.1,2006,Single-family
238.83928106357837,182.3,813.8,2006,Single-family
307.3727471612945,171.5,1242.6,2006,Single-family
242.05825971063916,161.1,1081.8,2005,Single-family
231.4071431136075,147.7,1081.8,2005,Single-family
254.02039266235445,168.0,1020.3,2005,Single-family
240.86635310763393,149.9,865.4,2005,Single-family
235.83224436532663,148.3,865.4,2005,Single-family
246.1036762673483,177.9,932.7,1992,Single-family
115.4335594065784,91.8,1992.9,1969,Single-family
160.6732068790211,128.9,1114.7,1968,Single-family
161.08140262667044,84.9,821.7,1996,Single-family
205.03404650530445,102.2,1209.0,1996,Single-family
196.3946580970058,139.2,1155.4,1995,Single-family
211.46279266518005,132.4,806.8,1998,Single-family
183.75670171181287,92.0,1260.4,1995,Single-family
217.88698780486618,141.7,845.3,2000,Single-family
190.35055349748524,138.8,858.0,1997,Single-family
221.26703906723665,147.5,953.5,1999,Single-family
234.11615217859116,162.5,861.3,1999,Single-family
247.68604439474046,165.3,1247.2,1999,Single-family
290.8557926387324,172.9,1249.4,2002,Single-family
259.15408232805413,165.0,1301.1,2002,Single-family
259.6644104351784,143.1,1273.0,2001,Single-family
113.2704180752938,88.6,1001.4,1976,Single-family
136.95877734598153,128.9,774.7,1977,Single-family
132.97422852501452,119.1,964.7,1978,Single-family
138.6866219227329,90.2,921.5,1969,Single-family
108.81126136916447,80.3,888.1,1972,Single-family
112.68757417347175,83.0,910.4,1972,Single-family
126.79294540255408,80.3,668.8,1972,Single-family
194.47081351095414,122.6,335.5,1993,Townhouse
263.2322056421559,184.8,1055.9,2002,Single-family
261.0022820781798,163.7,922.4,2002,Single-family
238.50727707660766,163.0,879.5,1999,Single-family
207.99115422194475,126.2,1030.0,2002,Single-family
250.60916937189447,166.0,1373.1,2001,Single-family
224.08220639583087,177.3,810.6,2002,Single-family
217.08587952326414,153.6,754.8,2002,Single-family
287.8857462829553,205.7,981.5,1999,Single-family
294.1338475636894,190.3,2000.3,1996,Single-family
244.72555064224647,180.1,1045.1,1998,Single-family
239.4453698111766,185.3,1045.1,1995,Single-family
269.7917402268938,194.8,905.7,1998,Single-family
255.59962174814868,170.6,845.3,2004,Single-family
169.43904252323142,78.8,412.0,2003,Townhouse
169.1594953132002,78.8,412.0,2004,Townhouse
291.4381450730166,178.3,1450.2,2006,Single-family
223.3667932563454,129.1,818.4,2003,Single-family
266.26701507795286,181.0,1151.2,2004,Single-family
238.95403396180157,157.9,848.6,2003,Single-family
229.60923793370264,161.4,797.1,2006,Single-family
203.48445420926362,149.7,780.3,2005,Single-family
217.14151516287754,144.2,936.7,2005,Single-family
259.9972052499483,159.8,1081.8,2004,Single-family
214.21707783076533,124.1,814.9,2005,Single-family
218.12883451756124,139.3,821.7,2005,Single-family
162.5123486666996,135.3,786.0,2005,Single-family
206.5975253467986,121.7,814.4,2005,Single-family
99.65270027835822,133.4,815.3,1910,Single-family
195.70433283567948,136.2,1649.3,1959,Single-family
130.4505624134894,113.3,824.6,1951,Single-family
101.25005491579398,94.0,728.3,1975,Two-family
118.81551650098709,91.0,873.2,1975,Two-family
148.2046699115786,109.2,1498.7,1969,Single-family
212.1657051945707,160.1,665.3,2003,Single-family
147.69287394740022,84.9,747.8,2002,Single-family
312.50940571486433,215.0,1027.4,2003,Single-family
170.69738015274058,99.6,341.4,2005,Townhouse
172.87580042596556,99.6,341.4,2005,Townhouse
119.49912975714639,99.6,341.4,2005,Townhouse
198.26350149687036,158.8,234.3,2004,Townhouse
175.71121168886305,158.8,234.3,2004,Townhouse
240.6397069923832,158.8,234.3,2004,Townhouse
211.64265782969076,158.8,234.3,2004,Townhouse
223.72525614174648,158.7,312.4,2004,Townhouse
111.40479159323331,86.9,646.2,1948,Single-family
133.68426712093608,124.3,726.6,1915,Single-family
126.78057757736948,155.0,808.8,1924,Single-family
134.1644421153313,110.0,781.2,1910,Single-family
136.39091169813324,113.4,904.6,1924,Single-family
110.40430741196941,80.3,759.1,1955,Single-family
174.96973753008533,137.7,1487.4,1954,Single-family
137.33622057754772,116.1,766.2,1918,Single-family
127.27345702243406,131.4,766.2,1922,Single-family
130.99982859006187,207.2,576.3,1912,Single-family
109.93590075164441,46.3,751.3,1922,Single-family
153.49148562568115,118.3,1057.9,1910,Single-family
95.7231507655808,179.1,657.9,1916,Two-family
157.84987155986852,148.2,780.3,1940,Single-family
151.32696382946713,144.1,1011.6,1938,Single-family
99.65045677497285,124.5,597.3,1945,Two-family
136.68590941417168,137.4,650.3,1926,Single-family
142.55520948896515,165.7,1219.9,1914,Single-family
117.45118821508285,140.3,455.1,1920,Single-family
135.31744451009564,141.4,557.4,1926,Single-family
162.60976591484385,152.0,873.1,1919,Single-family
153.22350440479892,167.4,704.9,1920,Single-family
126.30131654931375,136.1,944.2,1939,Single-family
116.92100497365931,119.6,575.1,1941,Single-family
141.60055903253,159.5,887.1,1915,Single-family
129.54477475724818,144.0,2023.2,1920,Single-family
159.97661379484634,140.9,1062.2,1929,Single-family
143.39990636045883,159.5,1151.9,1940,Single-family
132.61308453514548,109.6,1077.6,1922,Single-family
188.97423911167596,191.1,1068.3,1936,Single-family
124.3743471463709,155.2,758.9,1929,Single-family
235.7908391025025,217.8,1538.3,1932,Single-family
143.33435364418827,149.5,1144.5,1932,Single-family
168.5332831904101,167.3,1320.0,1930,Single-family
152.96838084840022,168.2,1311.2,1956,Single-family
218.8583633222068,153.0,1206.1,1977,Single-family
231.58529435381573,215.0,1449.1,1950,Single-family
116.84864159812246,124.1,1463.1,1953,Two-family
240.5319172233435,171.3,1521.7,1969,Single-family
77.34265872536457,90.7,677.0,1942,Single-family
129.8308689911586,119.4,650.3,1926,Single-family
117.1591798490692,62.4,792.8,1925,Single-family
67.88885202789069,59.5,653.0,1925,Single-family
113.63302481786233,88.3,814.2,1936,Single-family
152.67763121805285,152.2,841.6,1957,Single-family
115.73816150167201,124.1,1025.5,1920,Single-family
84.23457897504227,67.7,1148.7,1945,Single-family
101.75381222706301,44.6,836.0,1949,Single-family
127.45524142232983,129.7,836.0,1951,Two-family
95.80999170731846,86.9,791.5,1916,Single-family
229.51843162989346,165.2,534.0,2005,Townhouse
223.06088338364654,152.9,356.9,2004,Townhouse
240.97542414422412,151.0,2190.4,1979,Single-family
128.18411836305765,154.6,778.9,1978,Two-family
185.03169624926642,138.5,846.8,2001,Single-family
95.03657905665126,93.3,978.2,1977,Two-family
138.71998345232083,112.4,1029.3,1975,Single-family
230.17889925019077,182.0,1028.3,1988,Two-family
338.68358204097694,234.0,2431.8,1989,Single-family
228.46627297866138,120.3,765.4,1986,Townhouse
231.86735821421343,158.6,1548.4,1981,Single-family
187.30012677160443,105.6,1283.0,1987,Single-family
178.918110586586,124.4,747.7,1990,Single-family
287.78875587015716,233.5,1037.6,1990,Single-family
169.0739774773152,130.3,752.3,2000,Single-family
285.1513904784241,167.2,1331.3,2002,Single-family
311.450389099759,182.1,1265.0,2005,Single-family
293.03282750533344,188.4,1063.0,2005,Single-family
266.47936878590474,170.7,1075.4,2005,Single-family
99.09756927496655,148.6,2902.9,1951,Single-family
149.96226788698712,127.1,652.1,1997,Two-family
156.1498125557103,113.0,418.0,1998,Townhouse
186.22691255017344,124.2,418.0,1998,Townhouse
209.21997631272473,105.9,1599.4,2006,Single-family
113.43908187052448,121.1,247.6,1977,Townhouse
108.12164362411939,137.0,247.6,1977,Townhouse
222.4755390919554,234.2,368.2,1973,Townhouse
90.24538825999007,81.2,944.9,1968,Single-family
123.38904058527098,153.5,1099.5,1970,Two-family
72.40877637137369,58.5,136.6,1970,Townhouse
119.09987896858772,101.4,137.9,1972,Townhouse
165.9187239910553,126.3,1243.3,1969,Single-family
100.80620861611413,58.5,142.4,1970,Townhouse
141.62975670657374,101.4,142.4,1970,Townhouse
123.38677349534534,101.4,141.8,1970,Townhouse
143.00183697591754,101.4,179.8,1970,Townhouse
121.67364551773733,101.4,175.9,1970,Townhouse
194.9375444711296,160.5,1174.2,1976,Two-family
184.56482039159695,160.5,863.6,1976,Two-family
188.08983776566606,104.6,1616.4,1977,Single-family
136.00084851490163,113.7,1857.9,1960,Single-family
117.80216979636053,93.2,737.3,1984,Single-family
133.77580321729974,83.8,825.4,1983,Single-family
176.0225432662835,90.1,969.9,1992,Single-family
187.71374224003242,129.0,929.9,1974,Single-family
245.74538394963312,185.8,894.3,1993,Single-family
